-- phpMyAdmin SQL Dump
-- version 5.2.1
-- https://www.phpmyadmin.net/
--
-- Host: 127.0.0.1
-- Generation Time: Nov 20, 2024 at 10:24 AM
-- Server version: 10.4.32-MariaDB
-- PHP Version: 8.2.12

SET SQL_MODE = "NO_AUTO_VALUE_ON_ZERO";
START TRANSACTION;
SET time_zone = "+00:00";


/*!40101 SET @OLD_CHARACTER_SET_CLIENT=@@CHARACTER_SET_CLIENT */;
/*!40101 SET @OLD_CHARACTER_SET_RESULTS=@@CHARACTER_SET_RESULTS */;
/*!40101 SET @OLD_COLLATION_CONNECTION=@@COLLATION_CONNECTION */;
/*!40101 SET NAMES utf8mb4 */;

--
-- Database: `drolah`
--

-- --------------------------------------------------------

--
-- Table structure for table `categories`
--

CREATE TABLE `categories` (
  `category_id` int(10) UNSIGNED NOT NULL,
  `category_name` varchar(100) NOT NULL
) ENGINE=InnoDB DEFAULT CHARSET=utf8mb4 COLLATE=utf8mb4_general_ci;

--
-- Dumping data for table `categories`
--

INSERT INTO `categories` (`category_id`, `category_name`) VALUES
(1, 'Relumins'),
(2, 'Cream'),
(3, 'Oral'),
(4, 'Lotion'),
(5, 'Soap'),
(6, 'Toner'),
(7, 'SPF'),
(8, 'Serum'),
(9, 'Ylume'),
(10, 'Gel'),
(11, 'APC'),
(12, 'Facewash'),
(13, 'Shampoo'),
(14, 'Face powder'),
(15, 'Myskin'),
(20, 'Fern');

-- --------------------------------------------------------

--
-- Table structure for table `cosmetics_prescriptions`
--

CREATE TABLE `cosmetics_prescriptions` (
  `cos_pres_id` int(11) NOT NULL,
  `patient_id` int(11) NOT NULL,
  `issued_date` date NOT NULL DEFAULT current_timestamp(),
  `prescription_details` text DEFAULT NULL,
  `product` varchar(50) NOT NULL,
  `remarks` text NOT NULL,
  `next_appointment` date NOT NULL
) ENGINE=InnoDB DEFAULT CHARSET=utf8mb4 COLLATE=utf8mb4_general_ci;

--
-- Dumping data for table `cosmetics_prescriptions`
--

INSERT INTO `cosmetics_prescriptions` (`cos_pres_id`, `patient_id`, `issued_date`, `prescription_details`, `product`, `remarks`, `next_appointment`) VALUES
(1, 1, '0000-00-00', NULL, 'fasddasdad', 'weqewq', '2024-11-16'),
(2, 6, '0000-00-00', NULL, 'asdsad', 'qwdqw', '2025-10-10');

-- --------------------------------------------------------

--
-- Table structure for table `medical_certificates`
--

CREATE TABLE `medical_certificates` (
  `certificate_id` int(11) NOT NULL,
  `patient_id` int(11) NOT NULL,
  `issued_date` date NOT NULL DEFAULT current_timestamp(),
  `certificate_details` text DEFAULT NULL,
  `medical_conditions` text NOT NULL,
  `remarks` text NOT NULL
) ENGINE=InnoDB DEFAULT CHARSET=utf8mb4 COLLATE=utf8mb4_general_ci;

--
-- Dumping data for table `medical_certificates`
--

INSERT INTO `medical_certificates` (`certificate_id`, `patient_id`, `issued_date`, `certificate_details`, `medical_conditions`, `remarks`) VALUES
(1, 1, '2024-11-09', NULL, 'sfwef', 'sefewsfew'),
(2, 3, '2024-11-12', NULL, 'ggsesfgs', 'fsefsefse'),
(3, 2, '2024-11-12', NULL, 'esrfsefes', 'efqwdq'),
(5, 2, '2024-11-12', NULL, 'gyhyug', '');

-- --------------------------------------------------------

--
-- Table structure for table `medical_prescriptions`
--

CREATE TABLE `medical_prescriptions` (
  `med_pres_id` int(11) NOT NULL,
  `patient_id` int(11) NOT NULL,
  `issued_date` date NOT NULL DEFAULT current_timestamp(),
  `prescription_details` text DEFAULT NULL,
  `dose` varchar(50) NOT NULL,
  `time` varchar(15) NOT NULL,
  `days` varchar(25) NOT NULL,
  `next_appointment` date NOT NULL,
  `medication` varchar(150) NOT NULL
) ENGINE=InnoDB DEFAULT CHARSET=utf8mb4 COLLATE=utf8mb4_general_ci;

--
-- Dumping data for table `medical_prescriptions`
--

INSERT INTO `medical_prescriptions` (`med_pres_id`, `patient_id`, `issued_date`, `prescription_details`, `dose`, `time`, `days`, `next_appointment`, `medication`) VALUES
(1, 1, '0000-00-00', NULL, '23', '31', '213', '2024-11-16', 'wdda'),
(2, 2, '0000-00-00', NULL, '23', '12311', '213', '2024-11-02', 'wdda'),
(3, 1, '2024-11-09', NULL, 'qwewq', '23', '21313', '2024-11-16', 'dwqedq'),
(4, 3, '2024-11-12', NULL, '', '', '', '0000-00-00', 'dawddaw'),
(7, 2, '2024-11-12', NULL, '', '', '', '0000-00-00', 'dsaad'),
(8, 2, '2024-11-12', NULL, '213', '1231', 'qwadqw', '2024-11-16', 'adwadaw');

-- --------------------------------------------------------

--
-- Table structure for table `patients`
--

CREATE TABLE `patients` (
  `patient_id` int(11) NOT NULL,
  `full_name` varchar(100) NOT NULL,
  `address` varchar(255) NOT NULL,
  `age` int(3) NOT NULL,
  `gender` enum('Male','Female','Other') NOT NULL,
  `contact_number` varchar(15) NOT NULL,
  `marital_status` enum('Single','Married','Divorced','Widowed') NOT NULL,
  `created_at` timestamp NOT NULL DEFAULT current_timestamp(),
  `remarks` varchar(255) DEFAULT NULL
) ENGINE=InnoDB DEFAULT CHARSET=utf8mb4 COLLATE=utf8mb4_general_ci;

--
-- Dumping data for table `patients`
--

INSERT INTO `patients` (`patient_id`, `full_name`, `address`, `age`, `gender`, `contact_number`, `marital_status`, `created_at`, `remarks`) VALUES
(1, 'John Doe', '123 Elm St, Springfield, IL 62701', 28, 'Male', '(555) 123-4567', 'Single', '2024-10-13 16:25:31', NULL),
(2, 'Jane Smith', '456 Oak St, Chicago, IL 60601', 34, 'Female', '(555) 234-5678', 'Married', '2024-10-13 16:25:31', NULL),
(3, 'Michael Johnson', '789 Pine St, New York, NY 10001', 45, 'Male', '(555) 345-6789', 'Divorced', '2024-10-13 16:25:31', NULL),
(4, 'Emily Davis', '101 Maple Ave, Los Angeles, CA 90001', 29, 'Female', '(555) 456-7890', 'Single', '2024-10-13 16:25:31', NULL),
(5, 'David Brown', '202 Birch Rd, Houston, TX 77001', 37, 'Male', '(555) 567-8901', 'Married', '2024-10-13 16:25:31', NULL),
(6, 'Sarah Wilson', '303 Cedar St, Miami, FL 33101', 32, 'Female', '(555) 678-9012', 'Single', '2024-10-13 16:25:31', NULL),
(7, 'Robert Taylor', '404 Walnut St, Seattle, WA 98101', 50, 'Male', '(555) 789-0123', 'Widowed', '2024-10-13 16:25:31', NULL),
(8, 'Jessica Martin', '505 Cherry Ln, Phoenix, AZ 85001', 26, 'Female', '(555) 890-1234', '', '2024-10-13 16:25:31', NULL),
(9, 'William Thompson', '606 Fir St, Boston, MA 02101', 42, 'Male', '(555) 901-2345', 'Married', '2024-10-13 16:25:31', NULL),
(10, 'Linda Garcia', '707 Spruce St, Atlanta, GA 30301', 39, 'Female', '(555) 012-3456', 'Single', '2024-10-13 16:25:31', NULL),
(11, 'Brian Hernandez', '808 Ash St, Denver, CO 80201', 31, 'Male', '(555) 123-4568', 'Married', '2024-10-13 16:25:31', NULL),
(12, 'Amanda Moorea', '909 Willow St, Orlando, FL 32801', 27, 'Female', '(555) 234-5679', 'Single', '2024-10-13 16:25:31', NULL),
(13, 'Matthew Lee', '1010 Chestnut St, Portland, OR 97201', 45, 'Male', '(555) 345-6780', 'Divorced', '2024-10-13 16:25:31', NULL),
(14, 'Jessica Clark', '1111 Sycamore St, Dallas, TX 75201', 29, 'Female', '(555) 456-7891', 'Single', '2024-10-13 16:25:31', NULL),
(15, 'Daniel Rodriguez', '1212 Redwood Ave, San Francisco, CA 94101', 38, 'Male', '(555) 567-8902', 'Married', '2024-10-13 16:25:31', NULL),
(16, 'Megan Lewis', '1313 Elmwood Dr, Nashville, TN 37201', 33, 'Female', '(555) 678-9013', 'Single', '2024-10-13 16:25:31', NULL),
(17, 'Kevin Walker', '1414 Maple Ct, Philadelphia, PA 19101', 40, 'Male', '(555) 789-0124', 'Widowed', '2024-10-13 16:25:31', NULL),
(18, 'Amy Hall', '1515 Fir St, Salt Lake City, UT 84101', 25, 'Female', '(555) 890-1235', '', '2024-10-13 16:25:31', NULL),
(19, 'Christopher Young', '1616 Spruce Ave, Cincinnati, OH 45201', 46, 'Male', '(555) 901-2346', 'Married', '2024-10-13 16:25:31', NULL),
(20, 'Rachel King', '1717 Oak Dr, Milwaukee, WI 53201', 35, 'Female', '(555) 012-3457', 'Single', '2024-10-13 16:25:31', NULL),
(21, 'James Scott', '1818 Pine St, Baltimore, MD 21201', 39, 'Male', '(555) 123-4569', 'Divorced', '2024-10-13 16:25:31', NULL),
(22, 'Laura Gonzalez', '1919 Cedar Ln, Las Vegas, NV 89101', 30, 'Female', '(555) 234-5670', 'Single', '2024-10-13 16:25:31', NULL),
(23, 'Anthony Nelson', '2020 Willow St, Albuquerque, NM 87101', 48, 'Male', '(555) 345-6781', 'Married', '2024-10-13 16:25:31', NULL),
(24, 'Michelle Carter', '2121 Birch Ave, Honolulu, HI 96801', 26, 'Female', '(555) 456-7892', '', '2024-10-13 16:25:31', NULL),
(25, 'Benjamin Mitchell', '2222 Oak St, Tampa, FL 33601', 52, 'Male', '(555) 567-8903', 'Widowed', '2024-10-13 16:25:31', NULL),
(26, 'Nicole Perez', '2323 Cherry Ln, Richmond, VA 23201', 36, 'Female', '(555) 678-9014', 'Single', '2024-10-13 16:25:31', NULL),
(27, 'Charles Turner', '2424 Maple Dr, Tucson, AZ 85701', 41, 'Male', '(555) 789-0125', 'Divorced', '2024-10-13 16:25:31', NULL),
(28, 'Sarah Edwards', '2525 Pine St, Seattle, WA 98101', 34, 'Female', '(555) 890-1236', 'Married', '2024-10-13 16:25:31', NULL),
(29, 'Jason Walker', '2626 Fir Ave, Kansas City, MO 64101', 29, 'Male', '(555) 901-2347', 'Single', '2024-10-13 16:25:31', NULL),
(30, 'Ashley Hall', '2727 Elmwood St, Columbus, OH 43201', 32, 'Female', '(555) 012-3458', '', '2024-10-13 16:25:31', NULL),
(31, 'Robert Lee', '2828 Oak Dr, Portland, OR 97201', 44, 'Male', '(555) 123-4560', 'Married', '2024-10-13 16:25:31', NULL),
(32, 'Taylor Brooks', '2929 Cedar St, Atlanta, GA 30301', 24, 'Female', '(555) 234-5671', 'Single', '2024-10-13 16:25:31', NULL),
(33, 'Timothy Wright', '3030 Walnut St, San Diego, CA 92101', 37, 'Male', '(555) 345-6782', 'Divorced', '2024-10-13 16:25:31', NULL),
(34, 'Jessica Collins', '3131 Cherry Ln, Miami, FL 33101', 39, 'Female', '(555) 456-7893', 'Married', '2024-10-13 16:25:31', NULL),
(35, 'Andrew Rodriguez', '3232 Maple Ave, Denver, CO 80201', 46, 'Male', '(555) 567-8904', 'Widowed', '2024-10-13 16:25:31', NULL),
(36, 'Kelly Lewis', '3333 Spruce St, Detroit, MI 48201', 31, 'Female', '(555) 678-9015', 'Single', '2024-10-13 16:25:31', NULL),
(37, 'Steven Martinez', '3434 Fir Dr, Charlotte, NC 28201', 50, 'Male', '(555) 789-0126', 'Married', '2024-10-13 16:25:31', NULL),
(38, 'Megan Ramirez', '3535 Oak Ln, Sacramento, CA 95801', 28, 'Female', '(555) 890-1237', '', '2024-10-13 16:25:31', NULL),
(39, 'Samuel Scott', '3636 Cedar St, Orlando, FL 32801', 42, 'Male', '(555) 901-2348', 'Single', '2024-10-13 16:25:31', NULL),
(40, 'Christina Howard', '3737 Willow Dr, Jacksonville, FL 32201', 29, 'Female', '(555) 012-3459', 'Married', '2024-10-13 16:25:31', NULL),
(41, 'Daniel Brown', '3838 Maple St, Minneapolis, MN 55401', 35, 'Male', '(555) 123-4570', 'Divorced', '2024-10-13 16:25:31', NULL),
(42, 'Laura Taylor', '3939 Birch Rd, Kansas City, MO 64101', 34, 'Female', '(555) 234-5681', 'Single', '2024-10-13 16:25:31', NULL),
(43, 'Henry Martinez', '4040 Oak St, Washington, DC 20001', 47, 'Male', '(555) 345-6792', 'Married', '2024-10-13 16:25:31', NULL),
(44, 'Rachel King', '4141 Cherry Ln, Atlanta, GA 30301', 28, 'Female', '(555) 456-7803', '', '2024-10-13 16:25:31', NULL),
(45, 'Charles Anderson', '4242 Cedar St, St. Louis, MO 63101', 39, 'Male', '(555) 567-8914', 'Single', '2024-10-13 16:25:31', NULL),
(46, 'Emily Young', '4343 Willow Ct, San Diego, CA 92101', 31, 'Female', '(555) 678-9025', 'Married', '2024-10-13 16:25:31', NULL),
(47, 'Eric Johnson', '4444 Birch St, Seattle, WA 98101', 30, 'Male', '(555) 789-0136', 'Divorced', '2024-10-13 16:25:31', NULL),
(48, 'Samantha White', '4545 Pine St, Boston, MA 02101', 38, 'Female', '(555) 890-1247', 'Married', '2024-10-13 16:25:31', NULL),
(49, 'Anthony Green', '4646 Spruce Ave, Portland, OR 97201', 44, 'Male', '(555) 901-2358', 'Widowed', '2024-10-13 16:25:31', NULL),
(50, 'Megan Hall', '4747 Maple Dr, Detroit, MI 48201', 29, 'Female', '(555) 012-3469', 'Single', '2024-10-13 16:25:31', NULL),
(51, 'as', 'asd', 23, 'Male', '3424323434234', 'Divorced', '2024-10-21 14:06:24', NULL),
(52, 'edah de villa', '421 brg homes subd lipa city', 43, 'Male', '09174712433', 'Married', '2024-10-21 14:13:40', ''),
(53, 'heads sadw ', 'wadzsfc fafasfas  fdsadd', 43, 'Female', '09174712433', 'Married', '2024-10-21 14:14:25', ''),
(54, 'asd', 'asd', 43, 'Male', '09174712433', 'Single', '2024-10-21 14:15:00', ''),
(55, 'Uawd awifwa ', ' 21 awdgaudi bsd', 23, 'Female', '099164343', 'Married', '2024-10-23 16:36:40', ''),
(56, 'Simone Louis De Villa', 'rwee 3242 ', 23, 'Female', '09916024566', 'Single', '2024-10-23 16:36:59', ''),
(57, 'Simawd dodanaaedwalla', 'rwee 3242 wada', 23, 'Other', '09916024566', 'Single', '2024-10-23 16:38:38', ''),
(58, 'Simawd dodanaaedwalla', 'rwee 3242 wada', 23, 'Other', '09916024566', 'Single', '2024-10-23 16:39:59', ''),
(59, 'sadsa', 'asdsa', 23, 'Male', '09916024566', 'Married', '2024-10-23 16:40:11', ''),
(60, 'sadsa', 'asdsa', 23, 'Female', '09916024566', 'Single', '2024-10-30 07:36:37', ''),
(61, 'Louis, Simone O', 'sfsdfssefw', 21, 'Female', '09916024566', 'Single', '2024-11-12 13:27:26', ''),
(62, 'Louis, Simone O', 'sfsdfssefw', 21, 'Other', '09916024566', 'Married', '2024-11-12 13:31:43', 'da');

-- --------------------------------------------------------

--
-- Table structure for table `patient_records`
--

CREATE TABLE `patient_records` (
  `record_id` int(11) NOT NULL,
  `patient_id` int(11) DEFAULT NULL,
  `consultation_date` datetime DEFAULT current_timestamp(),
  `diagnosis` varchar(255) DEFAULT NULL,
  `service_id` int(11) DEFAULT NULL,
  `blood_pressure` varchar(50) DEFAULT NULL,
  `weight` decimal(5,2) DEFAULT NULL,
  `remarks` text DEFAULT NULL
) ENGINE=InnoDB DEFAULT CHARSET=utf8mb4 COLLATE=utf8mb4_general_ci;

--
-- Dumping data for table `patient_records`
--

INSERT INTO `patient_records` (`record_id`, `patient_id`, `consultation_date`, `diagnosis`, `service_id`, `blood_pressure`, `weight`, `remarks`) VALUES
(1, 2, '2024-10-30 00:00:00', 'asdadaw', 7, '120', 50.00, 'adawd'),
(2, 2, '2024-10-30 00:00:00', 'asdadaw', 7, '120', 50.00, 'adawd'),
(3, 2, '2024-10-30 00:00:00', 'asefdfvebr', 7, '120', 50.00, 'sfnfteb nye'),
(4, 1, '2024-10-30 08:54:00', 'asdasd', 7, '120', 50.00, 'asdsad'),
(5, 8, '2024-10-30 08:56:00', 'sdasadsad', 7, '120', 50.00, 'asdasds'),
(6, 1, '2024-11-09 07:56:00', 'asdad', 7, '120', 56.00, 'asdasd'),
(7, 1, '2024-11-09 07:56:00', 'asddasas', 7, '120', 56.00, 'sdfdzsdzs'),
(8, 2, '2024-11-09 07:59:00', 'sdfsf wef sfs', 7, '0', 56.00, ''),
(9, 12, '2024-11-12 13:29:00', 'sadasdawda', 7, '5675', 0.00, 'adawdwa'),
(10, 12, '2024-11-12 13:33:00', 'asdasdads', 7, '120', 2.00, '');

-- --------------------------------------------------------

--
-- Table structure for table `products`
--

CREATE TABLE `products` (
  `id` int(11) NOT NULL,
  `product_name` varchar(255) NOT NULL,
  `price` decimal(10,2) NOT NULL,
  `stock` int(11) NOT NULL,
  `expiration_date` date DEFAULT NULL,
  `status` enum('available','low stocks','out of stock','close to expiration','expired','archived') DEFAULT 'available',
  `category_id` int(10) UNSIGNED DEFAULT NULL,
  `date_added` timestamp NOT NULL DEFAULT current_timestamp(),
  `updated_at` timestamp NOT NULL DEFAULT current_timestamp() ON UPDATE current_timestamp(),
  `batch_id` int(11) NOT NULL DEFAULT 1
) ENGINE=InnoDB DEFAULT CHARSET=utf8mb4 COLLATE=utf8mb4_general_ci;

--
-- Dumping data for table `products`
--

INSERT INTO `products` (`id`, `product_name`, `price`, `stock`, `expiration_date`, `status`, `category_id`, `date_added`, `updated_at`, `batch_id`) VALUES
(83, '10-in-1 Whitening Soap', 350.00, 100, '2025-10-10', '', 5, '0000-00-00 00:00:00', '2024-11-16 18:44:01', 1),
(84, 'Acne Cream', 300.00, 5454, '2026-10-24', '', 2, '2024-10-23 16:30:53', '2024-11-16 18:32:27', 1),
(85, 'Acne Maintenance Soap', 350.00, 60, '2026-10-24', '', 5, '2024-10-23 16:31:50', '2024-11-16 18:33:02', 1),
(131, 'Acne Treatment Soap', 300.00, 25, NULL, 'available', 5, '2024-11-16 18:43:31', '2024-11-16 18:43:31', 1),
(132, 'Anti-inflammatory Bar', 450.00, 60, NULL, 'available', 5, '2024-11-16 18:43:31', '2024-11-16 18:43:31', 1),
(133, 'Bleaching Soap', 300.00, 0, NULL, 'out of stock', 5, '2024-11-16 18:43:31', '2024-11-16 18:43:31', 1),
(134, 'Feminine Wash', 250.00, 40, NULL, 'available', 5, '2024-11-16 18:43:31', '2024-11-16 18:43:31', 1),
(135, 'Glass Skin Soap', 300.00, 0, NULL, 'out of stock', 5, '2024-11-16 18:43:31', '2024-11-16 18:43:31', 1),
(136, 'Hypoallergenic Soap', 220.00, 0, NULL, 'out of stock', 5, '2024-11-16 18:43:31', '2024-11-16 18:43:31', 1),
(137, 'Oatmeal Bar', 250.00, 5, NULL, '', 5, '2024-11-16 18:43:31', '2024-11-16 18:43:31', 1),
(138, 'PSOR Bar', 350.00, 30, NULL, 'available', 5, '2024-11-16 18:43:31', '2024-11-16 18:43:31', 1),
(139, 'Tea Tree Soap', 220.00, 0, NULL, 'out of stock', 5, '2024-11-16 18:43:31', '2024-11-16 18:43:31', 1),
(140, 'Ultimate Glow Soap', 350.00, 40, NULL, 'available', 5, '2024-11-16 18:43:31', '2024-11-16 18:43:31', 1),
(141, 'Acnoin T Cream', 450.00, 20, NULL, 'available', 2, '2024-11-16 18:43:31', '2024-11-16 18:43:31', 1),
(142, 'Alhydran Cream (15ml)', 550.00, 15, NULL, '', 2, '2024-11-16 18:43:31', '2024-11-16 18:43:31', 1),
(143, 'Alhydran Cream (30ml)', 1100.00, 8, NULL, '', 2, '2024-11-16 18:43:31', '2024-11-16 18:43:31', 1),
(144, 'Alhydran Cream (100ml)', 2300.00, 5, NULL, '', 2, '2024-11-16 18:43:31', '2024-11-16 18:43:31', 1),
(145, 'Bactrigon', 250.00, 45, NULL, 'available', 2, '2024-11-16 18:43:31', '2024-11-16 18:43:31', 1),
(146, 'Beta + Genta Cream', 250.00, 10, NULL, '', 2, '2024-11-16 18:43:31', '2024-11-16 18:43:31', 1),
(147, 'Bleaching 4-in1 Cream', 250.00, 12, NULL, '', 2, '2024-11-16 18:43:31', '2024-11-16 18:43:31', 1),
(148, 'Cheeky Cream', 1000.00, 0, NULL, 'out of stock', 2, '2024-11-16 18:43:31', '2024-11-16 18:43:31', 1),
(149, 'Clotrimazole Cream', 250.00, 10, NULL, '', 2, '2024-11-16 18:43:31', '2024-11-16 18:43:31', 1),
(150, 'Erythromycin Cream', 250.00, 12, NULL, '', 2, '2024-11-16 18:43:31', '2024-11-16 18:43:31', 1),
(151, 'Exfowhite Cream', 450.00, 20, NULL, 'available', 2, '2024-11-16 18:43:31', '2024-11-16 18:43:31', 1),
(152, 'Humeda Cream', 750.00, 30, NULL, 'available', 2, '2024-11-16 18:43:31', '2024-11-16 18:43:31', 1),
(153, 'Melasma Cream', 350.00, 40, NULL, 'available', 2, '2024-11-16 18:43:31', '2024-11-16 18:43:31', 1),
(154, 'Mometasone (Mosone)', 420.00, 25, NULL, 'available', 2, '2024-11-16 18:43:31', '2024-11-16 18:43:31', 1),
(155, 'Retinol C Cream', 350.00, 0, NULL, 'out of stock', 2, '2024-11-16 18:43:31', '2024-11-16 18:43:31', 1),
(156, 'TA + Clobetasol Cream (25kg)', 250.00, 30, NULL, 'available', 2, '2024-11-16 18:43:31', '2024-11-16 18:43:31', 1),
(157, 'TA+ Clobe (1/2 kg)', 500.00, 4, NULL, 'available', 2, '2024-11-16 18:43:31', '2024-11-16 18:43:31', 1),
(158, 'Tyrolite Cream', 1800.00, 0, NULL, 'out of stock', 2, '2024-11-16 18:43:31', '2024-11-16 18:43:31', 1),
(159, 'Whitening Mousse Cream', 650.00, 0, NULL, 'out of stock', 2, '2024-11-16 18:43:31', '2024-11-16 18:43:31', 1),
(160, 'Zinikam Cream', 1250.00, 40, '2025-06-01', 'available', 2, '2024-11-16 18:43:31', '2024-11-16 18:43:31', 1),
(161, 'Acnetrex', 1350.00, 10, NULL, '', 3, '2024-11-16 18:43:31', '2024-11-16 18:43:31', 1),
(162, 'Citirizine', 7.00, 100, NULL, 'available', 3, '2024-11-16 18:43:31', '2024-11-16 18:43:31', 1),
(163, 'DFYAGE Oral Sunblock', 2000.00, 15, '2027-01-01', 'available', 3, '2024-11-16 18:43:31', '2024-11-16 18:43:31', 1),
(164, 'DFYSTRESS', 1320.00, 20, NULL, 'available', 3, '2024-11-16 18:43:31', '2024-11-16 18:43:31', 1),
(165, 'DFYMOOD UP', 1580.00, 10, NULL, 'available', 3, '2024-11-16 18:43:31', '2024-11-16 18:43:31', 1),
(166, 'Fine Hyaluron Collagen', 2500.00, 8, NULL, 'available', 3, '2024-11-16 18:43:31', '2024-11-16 18:43:31', 1),
(167, 'Hyaluronic Collagen', 2500.00, 10, NULL, '', 3, '2024-11-16 18:43:31', '2024-11-16 18:43:31', 1),
(168, 'NatC', 510.00, 30, NULL, 'available', 3, '2024-11-16 18:43:31', '2024-11-16 18:43:31', 1),
(169, 'NatD', 600.00, 40, NULL, 'available', 3, '2024-11-16 18:43:31', '2024-11-16 18:43:31', 1),
(170, 'Predisone 5mg', 7.00, 25, '2025-04-01', 'available', 3, '2024-11-16 18:43:31', '2024-11-16 18:43:31', 1),
(171, 'Predisone 20mg', 7.00, 30, '2025-05-01', 'available', 3, '2024-11-16 18:43:31', '2024-11-16 18:43:31', 1),
(172, 'Pro+ Oral Sunblock', 3500.00, 0, NULL, 'out of stock', 3, '2024-11-16 18:43:31', '2024-11-16 18:43:31', 1),
(173, 'Sakura Gluta', 2000.00, 0, NULL, 'out of stock', 3, '2024-11-16 18:43:31', '2024-11-16 18:43:31', 1),
(174, 'Skizin', 2000.00, 15, NULL, 'available', 3, '2024-11-16 18:43:31', '2024-11-16 18:43:31', 1),
(175, 'Acne Spot Gel', 500.00, 0, NULL, 'out of stock', 10, '2024-11-16 18:43:31', '2024-11-16 18:43:31', 1),
(176, 'Adapalene Gel', 500.00, 0, NULL, 'out of stock', 10, '2024-11-16 18:43:31', '2024-11-16 18:43:31', 1),
(177, 'Provamed Acne Spot Gel', 850.00, 30, NULL, 'available', 10, '2024-11-16 18:43:31', '2024-11-16 18:43:31', 1),
(178, 'Acne Toner', 350.00, 40, NULL, 'available', 6, '2024-11-16 18:43:31', '2024-11-16 18:43:31', 1),
(179, 'Acne Toner w/ AHA BHA', 350.00, 20, NULL, 'available', 6, '2024-11-16 18:43:31', '2024-11-16 18:43:31', 1),
(180, 'Acne Toner Maintenance', 350.00, 35, NULL, 'available', 6, '2024-11-16 18:43:31', '2024-11-16 18:43:31', 1),
(181, 'Anti-redness Toner', 450.00, 40, NULL, 'available', 6, '2024-11-16 18:43:31', '2024-11-16 18:43:31', 1),
(182, 'Bioderma Toner', 1600.00, 30, NULL, 'available', 6, '2024-11-16 18:43:31', '2024-11-16 18:43:31', 1),
(183, 'Glycolic Toning Solution', 350.00, 50, NULL, 'available', 6, '2024-11-16 18:43:31', '2024-11-16 18:43:31', 1),
(184, 'Thermal Water', 700.00, 8, NULL, '', 6, '2024-11-16 18:43:31', '2024-11-16 18:43:31', 1),
(185, 'Whitening Toner', 350.00, 10, NULL, '', 6, '2024-11-16 18:43:31', '2024-11-16 18:43:31', 1),
(186, 'EGF Serum', 600.00, 30, NULL, 'available', 8, '2024-11-16 18:43:31', '2024-11-16 18:43:31', 1),
(187, 'Hyaluronic Serum', 600.00, 0, NULL, 'out of stock', 8, '2024-11-16 18:43:31', '2024-11-16 18:43:31', 1),
(188, 'Vitamin C Serum', 600.00, 12, NULL, '', 8, '2024-11-16 18:43:31', '2024-11-16 18:43:31', 1),
(189, 'Whitening Serum', 600.00, 10, NULL, '', 8, '2024-11-16 18:43:31', '2024-11-16 18:43:31', 1),
(190, 'APC Essential Oil', 250.00, 70, NULL, 'available', 11, '2024-11-16 18:43:31', '2024-11-16 18:43:31', 1),
(191, 'APC Rub', 700.00, 50, NULL, 'available', 11, '2024-11-16 18:43:31', '2024-11-16 18:43:31', 1),
(192, 'Clobetasol Scalp Solution', 250.00, 0, NULL, 'out of stock', 13, '2024-11-16 18:43:31', '2024-11-16 18:43:31', 1),
(193, 'Erythromycin Solution', 450.00, 8, NULL, '', 13, '2024-11-16 18:43:31', '2024-11-16 18:43:31', 1),
(194, 'Ketoconazole Shampoo', 300.00, 20, NULL, 'available', 13, '2024-11-16 18:43:31', '2024-11-16 18:43:31', 1),
(195, 'Klimbasure', 750.00, 15, NULL, 'available', 13, '2024-11-16 18:43:31', '2024-11-16 18:43:31', 1),
(196, 'Oatmeal Shampoo', 300.00, 25, NULL, 'available', 13, '2024-11-16 18:43:31', '2024-11-16 18:43:31', 1),
(197, 'Babaria Lotion', 1500.00, 0, NULL, 'out of stock', 4, '2024-11-16 18:43:31', '2024-11-16 18:43:31', 1),
(198, 'Oatsilk Lotion', 550.00, 40, NULL, 'available', 4, '2024-11-16 18:43:31', '2024-11-16 18:43:31', 1),
(199, 'SPF 100 Lotion (small)', 800.00, 3, NULL, '', 4, '2024-11-16 18:43:31', '2024-11-16 18:43:31', 1),
(200, 'SPF 100 Lotion (big)', 2500.00, 0, NULL, 'out of stock', 4, '2024-11-16 18:43:31', '2024-11-16 18:43:31', 1),
(201, 'Ultraveen', 1300.00, 0, NULL, 'out of stock', 4, '2024-11-16 18:43:31', '2024-11-16 18:43:31', 1),
(202, 'Relumins Acne Clear Duo', 2350.00, 0, NULL, 'archived', 1, '2024-11-16 18:43:31', '2024-11-17 08:18:30', 1),
(203, 'Relumins Acne Clear Foam', 455.00, 0, NULL, 'out of stock', 1, '2024-11-16 18:43:31', '2024-11-16 18:43:31', 1),
(204, 'Relumins Acne Clear Serum', 525.00, 0, NULL, 'out of stock', 1, '2024-11-16 18:43:31', '2024-11-16 18:43:31', 1),
(205, 'Relumins Gluta', 2685.00, 25, NULL, 'available', 1, '2024-11-16 18:43:31', '2024-11-16 18:43:31', 1),
(206, 'Relumins Hyaluronic', 1300.00, 0, NULL, 'out of stock', 1, '2024-11-16 18:43:31', '2024-11-16 18:43:31', 1),
(207, 'Relumins Gluta Max Dose', 2300.00, 0, NULL, 'out of stock', 1, '2024-11-16 18:43:31', '2024-11-16 18:43:31', 1),
(208, 'Relumins Collagen Box', 220.00, 0, NULL, 'out of stock', 1, '2024-11-16 18:43:31', '2024-11-16 18:43:31', 1),
(209, 'Fern D (60s)', 680.00, 100, '0000-00-00', 'available', 3, '2024-11-18 12:58:14', '2024-11-18 12:58:14', 1),
(210, 'Fern D (120s)', 1280.00, 100, '0000-00-00', 'available', 3, '2024-11-18 12:58:33', '2024-11-18 12:58:33', 1),
(211, 'Glogeous Facewash', 650.00, 100, '0000-00-00', 'available', 12, '2024-11-18 12:59:04', '2024-11-18 12:59:04', 1),
(212, 'Relumins Immune Boost', 1300.00, 100, '0000-00-00', 'available', 1, '2024-11-18 13:04:24', '2024-11-18 13:04:24', 1),
(213, 'Relumins Immune Defense', 1300.00, 100, '0000-00-00', 'available', 1, '2024-11-18 13:05:18', '2024-11-18 13:05:18', 1),
(214, 'Acne Spot Gel', 500.00, 100, '0000-00-00', 'available', 10, '2024-11-18 13:09:02', '2024-11-18 13:09:02', 1),
(215, 'Oatmeal Lotion', 330.00, 100, '0000-00-00', 'available', 4, '2024-11-18 13:10:02', '2024-11-18 13:10:02', 1),
(216, 'Relumins Vitamin C', 800.00, 100, '0000-00-00', 'available', 1, '2024-11-18 13:10:44', '2024-11-18 13:10:44', 1),
(217, 'Melasma Serum', 700.00, 100, '0000-00-00', 'available', 2, '2024-11-18 13:11:12', '2024-11-18 13:11:12', 1),
(218, 'Cheeky Cream', 1000.00, 100, '0000-00-00', 'available', 2, '2024-11-18 13:11:44', '2024-11-18 13:11:44', 1),
(219, 'Dry Skin Balm', 1800.00, 100, '0000-00-00', 'available', 4, '2024-11-18 13:12:18', '2024-11-18 13:12:18', 1),
(220, 'AHA Glow Facewash', 500.00, 100, '0000-00-00', 'available', 12, '2024-11-18 13:14:32', '2024-11-18 13:14:32', 1),
(222, 'Acne Treatment Soap', 300.00, 100, '0000-00-00', 'available', 5, '2024-11-18 13:16:36', '2024-11-18 13:16:36', 1),
(223, 'Aurora Soap', 250.00, 100, '0000-00-00', 'available', 20, '2024-11-18 13:16:59', '2024-11-18 13:16:59', 1),
(224, 'Hyaluronic Serum', 600.00, 100, '0000-00-00', 'available', 8, '2024-11-18 13:18:06', '2024-11-18 13:18:06', 1),
(225, 'Acne Soap', 300.00, 100, '0000-00-00', 'available', 5, '2024-11-18 13:21:43', '2024-11-18 13:21:43', 1),
(226, 'Ekran 30', 800.00, 100, '0000-00-00', 'available', 7, '2024-11-18 13:27:25', '2024-11-18 13:27:25', 1),
(227, 'Ekran 500', 950.00, 100, '0000-00-00', 'available', 7, '2024-11-18 13:27:41', '2024-11-18 13:27:41', 1),
(228, 'Oatmeal Soap', 250.00, 100, '0000-00-00', 'available', 5, '2024-11-18 13:30:23', '2024-11-18 13:30:23', 1),
(229, 'Predinisone', 7.00, 100, '0000-00-00', 'available', 3, '2024-11-18 13:32:21', '2024-11-18 13:32:21', 1),
(230, 'Ceramide (50ml)', 300.00, 100, '0000-00-00', 'available', 12, '2024-11-18 13:44:04', '2024-11-18 13:44:04', 1),
(231, 'Ceramide (130ml)', 500.00, 100, '0000-00-00', 'available', 12, '2024-11-18 13:44:26', '2024-11-18 13:44:26', 1),
(232, 'Ylume Deo', 750.00, 100, '0000-00-00', 'available', 9, '2024-11-18 13:45:10', '2024-11-18 13:45:10', 1),
(233, 'Ylume Caps', 4500.00, 100, '0000-00-00', 'available', 9, '2024-11-18 13:45:26', '2024-11-18 13:45:26', 1),
(234, 'DFYAGE Oral Sunblock (Pink)', 3995.00, 100, '0000-00-00', 'available', 3, '2024-11-18 13:58:55', '2024-11-18 13:58:55', 1),
(235, 'Acnetrex', 45.00, 100, '0000-00-00', 'available', 3, '2024-11-18 17:09:01', '2024-11-18 17:09:01', 1),
(236, 'Acnetrex (Box)', 1350.00, 100, '0000-00-00', 'available', 3, '2024-11-18 17:10:09', '2024-11-18 17:10:09', 1),
(237, 'Provamed Acne Spot Gek', 850.00, 10, '0000-00-00', 'available', 10, '2024-11-18 17:10:41', '2024-11-18 17:10:41', 1),
(238, 'Acne Toner Maintenance', 350.00, 10, '0000-00-00', 'available', 6, '2024-11-18 17:11:52', '2024-11-18 17:11:52', 1),
(239, 'Anti-Inflammatory Bar', 450.00, 10, '0000-00-00', 'available', 5, '2024-11-18 17:12:52', '2024-11-18 17:12:52', 1),
(240, 'Alhydran (15ml)', 550.00, 1, '0000-00-00', 'available', 2, '2024-11-18 17:13:27', '2024-11-18 17:13:27', 1),
(241, 'Alhydran (30ml)', 1100.00, 10, '0000-00-00', 'available', 2, '2024-11-18 17:13:49', '2024-11-18 17:13:49', 1),
(242, 'Alhydran (100ml)', 2300.00, 1, '0000-00-00', 'available', 2, '2024-11-18 17:14:02', '2024-11-18 17:14:02', 1),
(243, 'Aurora Lotion', 550.00, 1, '0000-00-00', 'available', 20, '2024-11-18 17:15:33', '2024-11-18 17:15:33', 1);

-- --------------------------------------------------------

--
-- Table structure for table `sales_details`
--

CREATE TABLE `sales_details` (
  `sales_id` int(11) NOT NULL,
  `product_id` int(11) NOT NULL,
  `quantity` int(11) NOT NULL DEFAULT 1,
  `subtotal` decimal(10,2) NOT NULL DEFAULT 0.00,
  `sales_date` date DEFAULT NULL,
  `name` varchar(100) DEFAULT NULL,
  `discount_percent` int(11) DEFAULT 0
) ENGINE=InnoDB DEFAULT CHARSET=utf8mb4 COLLATE=utf8mb4_general_ci;

--
-- Dumping data for table `sales_details`
--

INSERT INTO `sales_details` (`sales_id`, `product_id`, `quantity`, `subtotal`, `sales_date`, `name`, `discount_percent`) VALUES
(47, 169, 1, 600.00, '2024-01-02', '', 0),
(48, 138, 1, 350.00, '2024-01-02', '', 0),
(49, 198, 1, 550.00, '2024-01-02', '', 0),
(50, 156, 1, 250.00, '2024-01-02', '', 0),
(51, 205, 1, 2685.00, '2024-01-02', '', 0),
(52, 168, 1, 600.00, '2024-01-02', '', 0),
(53, 138, 1, 350.00, '2024-01-02', '', 0),
(54, 198, 1, 550.00, '2024-01-02', '', 0),
(55, 156, 1, 250.00, '2024-01-02', '', 0),
(56, 178, 1, 350.00, '2024-01-02', '', 0),
(57, 156, 1, 250.00, '2024-01-02', '', 0),
(58, 205, 1, 2685.00, '2024-01-02', '', 0),
(59, 225, 1, 300.00, '2024-01-02', '', 0),
(60, 225, 1, 300.00, '2024-01-02', '', 0),
(61, 182, 1, 1600.00, '2024-01-02', '', 0),
(62, 156, 1, 250.00, '2024-01-02', '', 0),
(63, 177, 1, 850.00, '2024-01-02', '', 0),
(64, 227, 1, 950.00, '2024-01-02', '', 0),
(65, 174, 1, 840.00, '2024-01-02', '', 0),
(66, 138, 1, 350.00, '2024-01-02', '', 0),
(67, 198, 1, 550.00, '2024-01-02', '', 0),
(68, 156, 1, 250.00, '2024-01-02', '', 0),
(69, 145, 1, 250.00, '2024-01-02', '', 0),
(70, 138, 1, 350.00, '2024-01-02', '', 0),
(71, 205, 1, 2685.00, '2024-01-02', '', 0),
(72, 227, 1, 950.00, '2024-01-02', '', 0),
(73, 231, 1, 0.00, '2024-01-02', '', 100),
(74, 205, 1, 2685.00, '2024-01-06', '', 0),
(75, 134, 1, 250.00, '2024-01-06', '', 0),
(76, 225, 1, 300.00, '2024-01-06', '', 0),
(77, 182, 1, 1600.00, '2024-01-06', '', 0),
(78, 177, 1, 850.00, '2024-01-06', '', 0),
(79, 174, 7, 196.00, '2024-01-06', '', 0),
(80, 161, 14, 630.00, '2024-01-06', '', 0),
(123, 231, 1, 500.00, '2024-01-06', NULL, 0),
(124, 163, 1, 2000.00, '2024-01-06', NULL, 0),
(125, 198, 1, 550.00, '2024-01-06', NULL, 0),
(126, 138, 1, 350.00, '2024-01-06', NULL, 0),
(127, 156, 1, 250.00, '2024-01-06', NULL, 0),
(128, 231, 1, 500.00, '2024-01-06', NULL, 0),
(129, 186, 1, 600.00, '2024-01-06', NULL, 0),
(130, 156, 1, 250.00, '2024-01-06', NULL, 0),
(131, 152, 1, 750.00, '2024-01-06', NULL, 0),
(132, 227, 1, 950.00, '2024-01-06', NULL, 0),
(133, 156, 1, 250.00, '2024-01-06', NULL, 0),
(134, 138, 1, 350.00, '2024-01-06', NULL, 0),
(135, 156, 1, 250.00, '2024-01-06', NULL, 0),
(136, 211, 1, 0.00, '2024-01-06', 'kc', 0),
(137, 83, 1, 0.00, '2024-01-06', 'kc', 100),
(138, 186, 1, 0.00, '2024-01-06', 'kc', 0),
(139, 138, 1, 350.00, '2024-01-06', NULL, 0),
(140, 205, 1, 2685.00, '2024-01-12', NULL, 0),
(141, 174, 1, 644.00, '2024-01-13', NULL, 0),
(142, 174, 1, 840.00, '2024-01-13', NULL, 0),
(143, 156, 1, 0.00, '2024-01-13', 'queenay', 100),
(144, 177, 1, 850.00, '2024-01-17', NULL, 0),
(145, 188, 1, 510.00, '2024-01-17', NULL, 0),
(146, 225, 1, 600.00, '2024-01-17', NULL, 0),
(147, 152, 1, 1500.00, '2024-01-17', 'maam tin', 0),
(148, 138, 2, 700.00, '2024-01-17', NULL, 0),
(149, 156, 1, 250.00, '2024-01-17', NULL, 0),
(150, 156, 1, 250.00, '2024-01-18', NULL, 0),
(151, 178, 1, 350.00, '2024-01-18', 'pos', 0),
(152, 225, 1, 300.00, '2024-01-18', NULL, 0),
(153, 156, 1, 250.00, '2024-01-18', NULL, 0),
(154, 174, 1, 840.00, '2024-01-19', NULL, 0),
(155, 188, 1, 510.00, '2024-01-19', NULL, 0),
(156, 138, 1, 350.00, '2024-01-19', NULL, 0),
(157, 138, 1, 350.00, '2024-01-19', NULL, 0),
(158, 174, 15, 420.00, '2023-01-03', NULL, 0),
(159, 157, 1, 220.00, '2023-01-03', NULL, 0),
(160, 137, 1, 250.00, '2023-01-03', NULL, 0),
(161, 157, 1, 220.00, '2023-01-03', NULL, 0),
(162, 172, 1, 3500.00, '2023-01-03', 'CHARLES', 0),
(163, 157, 2, 440.00, '2023-01-05', NULL, 0),
(164, 157, 1, 220.00, '2023-01-05', NULL, 0),
(165, 138, 1, 350.00, '2023-01-06', NULL, 0),
(166, 197, 1, 1500.00, '2023-01-06', NULL, 0),
(167, 157, 1, 220.00, '2023-01-06', NULL, 0),
(168, 210, 1, 1280.00, '2023-01-06', NULL, 0),
(169, 85, 1, 300.00, '2023-01-06', NULL, 0),
(170, 85, 1, 0.00, '2023-01-06', NULL, 100),
(171, 179, 1, 0.00, '2023-01-07', NULL, 100),
(172, 83, 1, 300.00, '2023-01-07', NULL, 0),
(173, 138, 2, 700.00, '2023-01-07', NULL, 0),
(174, 146, 2, 500.00, '2023-01-07', NULL, 0),
(175, 157, 1, 220.00, '2023-01-07', NULL, 0),
(176, 85, 1, 300.00, '2023-01-09', NULL, 0),
(177, 179, 1, 450.00, '2023-01-09', NULL, 0),
(178, 210, 1, 1280.00, '2023-01-09', NULL, 0),
(179, 207, 1, 2685.00, '2023-01-09', NULL, 0),
(180, 157, 1, 220.00, '2023-01-10', NULL, 0),
(181, 207, 1, 2685.00, '2023-01-11', NULL, 0),
(182, 187, 1, 800.00, '2023-01-11', NULL, 0),
(183, 197, 1, 1500.00, '2023-01-11', NULL, 0),
(184, 182, 1, 1600.00, '2023-01-11', NULL, 0),
(185, 175, 1, 500.00, '2023-01-11', NULL, 0),
(186, 174, 1, 1680.00, '2023-01-11', NULL, 0),
(187, 138, 1, 315.00, '2023-01-11', NULL, 0),
(188, 181, 1, 1620.00, '2023-01-11', NULL, 0),
(189, 157, 1, 198.00, '2023-01-11', NULL, 0),
(190, 207, 1, 3485.00, '2023-01-11', NULL, 0),
(191, 187, 1, 0.00, '2023-01-11', NULL, 100),
(192, 157, 1, 220.00, '2023-01-12', NULL, 0),
(193, 138, 1, 350.00, '2023-01-12', NULL, 0),
(194, 181, 1, 1800.00, '2023-01-12', NULL, 0),
(195, 207, 1, 2685.00, '2023-01-12', NULL, 0),
(196, 187, 1, 800.00, '2023-01-12', NULL, 0),
(197, 157, 1, 220.00, '2023-01-12', NULL, 0),
(198, 207, 1, 2685.00, '2023-01-12', NULL, 0),
(199, 187, 1, 800.00, '2023-01-12', NULL, 0),
(200, 210, 1, 1280.00, '2023-01-12', NULL, 0),
(201, 207, 1, 2685.00, '2023-01-13', NULL, 0),
(202, 187, 1, 800.00, '2023-01-13', NULL, 0),
(203, 207, 1, 2685.00, '2023-01-13', NULL, 0),
(204, 187, 1, 800.00, '2023-01-13', NULL, 0),
(205, 207, 1, 2685.00, '2023-01-13', NULL, 0),
(206, 187, 1, 800.00, '2023-01-13', NULL, 0),
(207, 174, 30, 840.00, '2023-01-14', NULL, 0),
(208, 147, 1, 0.00, '2023-01-14', NULL, 100),
(209, 138, 1, 350.00, '2023-01-14', NULL, 0),
(210, 157, 1, 220.00, '2023-01-14', NULL, 0),
(211, 174, 1, 840.00, '2023-01-14', NULL, 0),
(212, 85, 1, 300.00, '2023-01-14', NULL, 0),
(213, 182, 1, 1600.00, '2023-01-14', NULL, 0),
(214, 175, 1, 500.00, '2023-01-14', NULL, 0),
(215, 210, 1, 1280.00, '2023-01-14', NULL, 0),
(216, 179, 1, 450.00, '2023-01-14', NULL, 0),
(217, 241, 1, 1100.00, '2023-01-16', NULL, 0),
(218, 137, 1, 250.00, '2023-01-16', NULL, 0),
(219, 157, 1, 220.00, '2023-01-16', NULL, 0),
(220, 212, 1, 1300.00, '2023-01-16', NULL, 0),
(221, 213, 1, 1300.00, '2023-01-16', NULL, 0),
(222, 157, 1, 220.00, '2023-01-16', NULL, 0),
(223, 176, 1, 500.00, '2023-01-16', NULL, 0),
(224, 174, 7, 196.00, '2023-01-17', NULL, 0),
(225, 157, 1, 220.00, '2023-01-17', NULL, 0),
(226, 83, 2, 740.00, '2023-01-17', NULL, 0),
(227, 85, 1, 300.00, '2023-01-19', NULL, 0),
(228, 179, 1, 420.00, '2023-01-19', NULL, 0),
(229, 176, 1, 500.00, '2023-01-19', NULL, 0),
(230, 83, 4, 1200.00, '2023-01-19', NULL, 0),
(231, 83, 1, 0.00, '2023-01-19', NULL, 100),
(232, 85, 1, 300.00, '2023-01-21', NULL, 0),
(233, 178, 1, 450.00, '2023-01-21', NULL, 0),
(234, 157, 1, 220.00, '2023-01-21', NULL, 0),
(235, 175, 1, 500.00, '2023-01-21', NULL, 0),
(236, 83, 1, 350.00, '2023-01-21', NULL, 0),
(237, 85, 1, 0.00, '2023-01-21', NULL, 100),
(238, 157, 1, 0.00, '2023-01-21', NULL, 100),
(239, 85, 1, 300.00, '2023-01-21', NULL, 0),
(240, 138, 1, 350.00, '2023-01-21', NULL, 0),
(241, 179, 1, 450.00, '2023-01-21', NULL, 0),
(242, 175, 1, 500.00, '2023-01-21', NULL, 0),
(243, 157, 1, 220.00, '2023-01-21', NULL, 0),
(244, 212, 2, 2600.00, '2023-01-21', NULL, 0),
(245, 213, 2, 2600.00, '2023-01-21', NULL, 0),
(246, 197, 1, 1500.00, '2023-01-21', NULL, 0),
(247, 210, 1, 1280.00, '2023-01-21', NULL, 0),
(248, 85, 1, 300.00, '2023-01-21', NULL, 0),
(249, 179, 1, 450.00, '2023-01-21', NULL, 0),
(250, 177, 1, 850.00, '2023-01-21', NULL, 0),
(251, 157, 1, 220.00, '2023-01-21', NULL, 0),
(252, 210, 1, 1280.00, '2023-01-21', NULL, 0),
(253, 210, 1, 1280.00, '2023-01-21', NULL, 0),
(271, 152, 1, 750.00, '2023-01-23', NULL, 0),
(272, 137, 1, 250.00, '2023-01-23', NULL, 0),
(273, 215, 1, 220.00, '2023-01-23', NULL, 0),
(274, 152, 1, 750.00, '2023-01-23', NULL, 0),
(275, 172, 1, 3500.00, '2023-01-23', NULL, 0),
(276, 212, 1, 1300.00, '2023-01-23', NULL, 0),
(277, 213, 1, 1300.00, '2023-01-23', NULL, 0),
(278, 83, 1, 0.00, '2023-01-23', NULL, 100),
(279, 138, 2, 350.00, '2023-01-23', NULL, 0),
(280, 85, 1, 300.00, '2023-01-23', NULL, 0),
(281, 179, 1, 450.00, '2023-01-23', NULL, 0),
(282, 157, 1, 220.00, '2023-01-23', NULL, 0),
(283, 175, 1, 500.00, '2023-01-23', NULL, 0),
(284, 210, 1, 1280.00, '2023-01-23', NULL, 0),
(285, 138, 1, 350.00, '2023-01-25', NULL, 0),
(286, 157, 1, 220.00, '2023-01-25', NULL, 0),
(287, 157, 1, 220.00, '2023-01-25', NULL, 0),
(288, 138, 1, 350.00, '2023-01-25', NULL, 0),
(289, 181, 1, 1800.00, '2023-01-25', NULL, 0),
(290, 85, 1, 300.00, '2023-01-26', NULL, 0),
(291, 179, 1, 450.00, '2023-01-26', NULL, 0),
(292, 175, 1, 500.00, '2023-01-26', NULL, 0),
(293, 174, 30, 840.00, '2023-01-26', NULL, 0),
(294, 85, 1, 300.00, '2023-01-26', NULL, 0),
(295, 179, 1, 450.00, '2023-01-26', NULL, 0),
(296, 157, 1, 220.00, '2023-01-26', NULL, 0),
(297, 85, 1, 300.00, '2023-01-26', NULL, 0),
(298, 179, 1, 450.00, '2023-01-26', NULL, 0),
(299, 157, 1, 220.00, '2023-01-26', NULL, 0),
(300, 211, 1, 650.00, '2023-01-26', NULL, 0),
(301, 212, 1, 1300.00, '2023-01-26', NULL, 0),
(302, 213, 1, 1300.00, '2023-01-26', NULL, 0),
(303, 211, 1, 650.00, '2023-01-26', NULL, 0),
(304, 217, 1, 700.00, '2023-01-26', NULL, 0),
(305, 152, 1, 750.00, '2023-01-26', NULL, 0),
(306, 228, 1, 650.00, '2023-01-26', NULL, 0),
(307, 212, 1, 1300.00, '2023-01-26', NULL, 0),
(308, 213, 1, 1300.00, '2023-01-26', NULL, 0),
(309, 213, 1, 1300.00, '2023-01-28', NULL, 0),
(310, 212, 1, 1300.00, '2023-01-28', NULL, 0),
(311, 137, 1, 250.00, '2023-01-31', NULL, 0),
(312, 187, 1, 600.00, '2023-01-31', NULL, 0),
(313, 157, 1, 220.00, '2023-01-31', NULL, 0),
(314, 210, 3, 3840.00, '2023-01-31', NULL, 0),
(315, 138, 2, 700.00, '2023-01-31', NULL, 0),
(316, 156, 1, 220.00, '2023-01-31', NULL, 0),
(317, 156, 1, 220.00, '2023-01-31', NULL, 0),
(318, 156, 1, 250.00, '2023-01-31', NULL, 0),
(319, 196, 1, 300.00, '2023-01-31', NULL, 0),
(320, 229, 1, 28.00, '2023-01-31', NULL, 0),
(321, 162, 1, 28.00, '2023-01-31', NULL, 0),
(322, 174, 1, 840.00, '2023-01-31', NULL, 0),
(323, 229, 1, 0.00, '2023-01-31', NULL, 100),
(324, 162, 1, 0.00, '2023-01-31', NULL, 100),
(325, 148, 1, 650.00, '2023-02-01', NULL, 0),
(326, 197, 1, 1500.00, '2023-02-01', NULL, 0),
(327, 225, 1, 300.00, '2023-02-01', NULL, 0),
(328, 178, 1, 450.00, '2023-02-01', NULL, 0),
(329, 156, 1, 220.00, '2023-02-01', NULL, 0),
(330, 175, 1, 500.00, '2023-02-01', NULL, 0),
(331, 170, 7, 28.00, '2023-02-01', NULL, 0),
(332, 162, 7, 28.00, '2023-02-01', NULL, 0),
(333, 174, 30, 840.00, '2023-02-01', NULL, 0),
(334, 156, 3, 660.00, '2023-02-02', NULL, 0),
(335, 156, 1, 220.00, '2023-02-02', NULL, 0),
(336, 174, 30, 840.00, '2023-02-03', NULL, 0),
(337, 156, 1, 220.00, '2023-02-03', NULL, 0),
(338, 174, 30, 840.00, '2023-02-03', NULL, 0),
(339, 229, 7, 28.00, '2023-02-03', NULL, 0),
(340, 156, 1, 220.00, '2023-02-03', NULL, 0),
(341, 152, 1, 750.00, '2023-02-03', NULL, 0),
(342, 225, 1, 0.00, '2023-02-03', NULL, 100),
(343, 178, 1, 0.00, '2023-02-03', NULL, 100),
(344, 177, 1, 0.00, '2023-02-03', NULL, 100),
(345, 229, 7, 0.00, '2023-02-03', NULL, 100),
(346, 162, 7, 0.00, '2023-02-03', NULL, 100),
(347, 210, 1, 0.00, '2023-02-03', NULL, 100),
(348, 83, 1, 350.00, '2023-02-03', NULL, 0),
(349, 152, 1, 750.00, '2023-02-03', NULL, 0),
(350, 228, 1, 650.00, '2023-02-03', NULL, 0),
(351, 229, 7, 28.00, '2023-02-04', NULL, 0),
(352, 162, 7, 28.00, '2023-02-04', NULL, 0),
(353, 178, 1, 450.00, '2023-02-04', NULL, 0),
(354, 225, 1, 300.00, '2023-02-04', NULL, 0),
(355, 138, 1, 350.00, '2023-02-04', NULL, 0),
(356, 83, 2, 0.00, '2023-02-07', NULL, 100),
(357, 156, 1, 220.00, '2023-02-07', NULL, 0),
(358, 162, 7, 28.00, '2023-02-07', NULL, 0),
(359, 210, 1, 1280.00, '2023-02-07', NULL, 0),
(360, 225, 1, 300.00, '2023-02-07', NULL, 0),
(361, 153, 1, 750.00, '2023-02-07', NULL, 0),
(362, 228, 1, 250.00, '2023-02-07', NULL, 0),
(363, 229, 7, 28.00, '2023-02-07', NULL, 0),
(364, 138, 1, 280.00, '2023-02-08', NULL, 0),
(365, 175, 1, 500.00, '2023-02-08', NULL, 0),
(366, 178, 1, 450.00, '2023-02-08', NULL, 0),
(367, 153, 1, 750.00, '2023-02-08', NULL, 0),
(368, 218, 1, 650.00, '2023-02-09', NULL, 0),
(369, 225, 1, 300.00, '2023-02-10', NULL, 0),
(370, 153, 1, 750.00, '2023-02-10', NULL, 0),
(371, 218, 1, 650.00, '2023-02-10', NULL, 0),
(372, 177, 1, 850.00, '2023-02-11', NULL, 0),
(373, 225, 1, 300.00, '2023-02-11', NULL, 0),
(374, 178, 1, 450.00, '2023-02-11', NULL, 0),
(375, 162, 7, 220.00, '2023-02-11', NULL, 0),
(376, 229, 7, 28.00, '2023-02-11', NULL, 0),
(377, 174, 1, 630.00, '2023-02-11', NULL, 0),
(378, 225, 1, 840.00, '2023-02-11', NULL, 0),
(379, 178, 1, 0.00, '2023-02-11', NULL, 100),
(380, 175, 1, 0.00, '2023-02-11', NULL, 100),
(381, 229, 7, 0.00, '2023-02-11', NULL, 100),
(382, 162, 7, 0.00, '2023-02-11', NULL, 100),
(383, 229, 7, 28.00, '2023-02-11', NULL, 0),
(384, 162, 7, 28.00, '2023-02-11', NULL, 0),
(385, 215, 1, 330.00, '2023-02-11', NULL, 0),
(386, 138, 1, 350.00, '2023-02-11', NULL, 0),
(387, 146, 1, 250.00, '2023-02-11', NULL, 0),
(388, 188, 1, 600.00, '2023-02-11', NULL, 0),
(389, 146, 1, 1000.00, '2023-02-11', NULL, 0),
(390, 188, 1, 600.00, '2023-02-11', NULL, 0),
(391, 152, 1, 750.00, '2023-02-11', NULL, 0),
(392, 215, 1, 330.00, '2023-02-11', NULL, 0),
(393, 225, 1, 300.00, '2023-02-11', NULL, 0),
(394, 178, 1, 450.00, '2023-02-11', NULL, 0),
(395, 152, 1, 750.00, '2023-02-11', NULL, 0),
(396, 156, 1, 220.00, '2023-02-11', NULL, 0),
(397, 214, 1, 500.00, '2023-02-11', NULL, 0),
(398, 174, 30, 840.00, '2023-02-11', NULL, 0),
(399, 229, 7, 28.00, '2023-02-11', NULL, 0),
(400, 162, 7, 28.00, '2023-02-11', NULL, 0),
(401, 210, 1, 1280.00, '2023-02-11', NULL, 0),
(402, 174, 30, 840.00, '2023-02-18', NULL, 0),
(403, 178, 1, 450.00, '2023-02-18', NULL, 0),
(404, 156, 1, 220.00, '2023-02-18', NULL, 0),
(405, 216, 1, 0.00, '2023-02-18', NULL, 100),
(406, 205, 1, 2685.00, '2023-02-18', NULL, 0),
(407, 216, 1, 800.00, '2023-02-18', NULL, 0),
(408, 83, 1, 350.00, '2023-02-18', NULL, 0),
(409, 152, 1, 750.00, '2023-02-18', NULL, 0),
(410, 188, 1, 600.00, '2023-02-18', NULL, 0),
(411, 148, 1, 650.00, '2023-02-18', NULL, 0),
(412, 174, 2, 1680.00, '2023-02-20', NULL, 0),
(413, 156, 1, 220.00, '2023-02-20', NULL, 0),
(414, 217, 1, 700.00, '2023-02-20', NULL, 0),
(415, 148, 1, 650.00, '2023-02-20', NULL, 0),
(416, 85, 1, 300.00, '2023-02-21', NULL, 0),
(417, 178, 1, 450.00, '2023-02-21', NULL, 0),
(418, 142, 1, 550.00, '2023-02-21', NULL, 0),
(419, 138, 1, 350.00, '2023-02-21', NULL, 0),
(420, 219, 1, 1800.00, '2023-02-21', NULL, 0),
(421, 156, 1, 220.00, '2023-02-21', NULL, 0),
(422, 174, 15, 420.00, '2023-02-21', NULL, 0),
(423, 229, 1, 56.00, '2023-02-21', NULL, 0),
(424, 162, 1, 40.00, '2023-02-21', NULL, 0),
(425, 174, 1, 840.00, '2023-02-21', NULL, 0),
(426, 162, 1, 28.00, '2023-02-21', NULL, 0),
(427, 210, 1, 1280.00, '2023-02-21', NULL, 0),
(428, 229, 1, 28.00, '2023-02-22', NULL, 0),
(429, 162, 3, 12.00, '2023-02-22', NULL, 0),
(430, 85, 1, 300.00, '2023-02-22', NULL, 0),
(431, 143, 1, 1100.00, '2023-02-23', NULL, 0),
(432, 212, 1, 1300.00, '2023-02-24', NULL, 0),
(433, 213, 1, 1300.00, '2023-02-24', NULL, 0),
(434, 215, 1, 330.00, '2023-02-24', NULL, 0),
(435, 148, 1, 650.00, '2023-02-24', NULL, 0),
(436, 142, 1, 0.00, '2023-02-24', 'Dra. Chel', 100),
(437, 142, 1, 0.00, '2023-02-24', 'Dra. Training', 100),
(438, 174, 1, 840.00, '2023-02-25', NULL, 0),
(439, 188, 1, 600.00, '2023-02-25', NULL, 0),
(440, 85, 1, 300.00, '2023-02-27', NULL, 0),
(441, 178, 1, 450.00, '2023-02-27', NULL, 0),
(442, 156, 1, 220.00, '2023-02-27', NULL, 0),
(443, 214, 1, 850.00, '2023-02-27', NULL, 0),
(444, 156, 1, 220.00, '2023-02-28', NULL, 0),
(445, 210, 120, 1280.00, '2023-02-28', NULL, 0),
(446, 205, 1, 2685.00, '2023-02-28', NULL, 0),
(447, 216, 1, 800.00, '2023-02-28', NULL, 0),
(448, 137, 1, 250.00, '2023-02-28', NULL, 0),
(449, 180, 1, 450.00, '2023-02-28', NULL, 0),
(450, 217, 1, 700.00, '2023-02-28', NULL, 0),
(451, 188, 1, 600.00, '2023-02-28', NULL, 0),
(452, 138, 1, 350.00, '2023-02-28', NULL, 0),
(453, 219, 1, 1800.00, '2023-02-28', NULL, 0),
(454, 156, 2, 440.00, '2023-02-28', 'Sofia Tolentino', 0),
(455, 196, 1, 300.00, '2023-02-28', NULL, 0),
(456, 192, 1, 250.00, '2023-02-28', NULL, 0),
(457, 174, 15, 420.00, '2023-02-28', NULL, 0),
(458, 205, 1, 2685.00, '2023-02-28', NULL, 0),
(459, 216, 1, 800.00, '2023-02-28', NULL, 0),
(460, 85, 1, 300.00, '2023-02-28', NULL, 0),
(461, 178, 1, 450.00, '2023-02-28', NULL, 0),
(462, 214, 1, 500.00, '2023-02-28', NULL, 0),
(463, 85, 1, 300.00, '2023-02-28', NULL, 0),
(464, 178, 1, 450.00, '2023-02-28', NULL, 0),
(465, 177, 1, 850.00, '2023-02-28', NULL, 0),
(466, 174, 1, 840.00, '2023-02-28', NULL, 0),
(467, 211, 1, 0.00, '2023-02-28', NULL, 100),
(468, 188, 1, 0.00, '2023-02-28', NULL, 100),
(557, 174, 30, 840.00, '2023-03-01', NULL, NULL),
(558, 210, 120, 1280.00, '2023-03-01', NULL, NULL),
(559, 85, 2, 600.00, '2023-03-01', NULL, NULL),
(560, 178, 1, 450.00, '2023-03-01', NULL, NULL),
(561, 180, 1, 350.00, '2023-03-01', NULL, NULL),
(562, 156, 1, 220.00, '2023-03-01', NULL, NULL),
(563, 177, 1, 850.00, '2023-03-01', NULL, NULL),
(564, 188, 1, 600.00, '2023-03-01', NULL, NULL),
(565, 174, 2, 1680.00, '2023-03-01', NULL, NULL),
(566, 205, 1, 2685.00, '2023-03-01', NULL, NULL),
(567, 216, 1, 800.00, '2023-03-01', NULL, NULL),
(568, 85, 1, 300.00, '2023-03-01', NULL, NULL),
(569, 156, 1, 0.00, '2023-03-06', 'Queenay', 100),
(570, 83, 4, 0.00, '2023-03-08', NULL, 100),
(571, 85, 1, 0.00, '2023-03-08', NULL, 100),
(572, 83, 3, 1110.00, '2023-03-09', NULL, NULL),
(573, 210, 12, 1280.00, '2023-03-09', NULL, NULL),
(574, 210, 12, 1280.00, '2023-03-10', NULL, NULL),
(618, 210, 12, 1280.00, '2023-03-11', NULL, NULL),
(619, 178, 1, 450.00, '2023-03-14', NULL, NULL),
(620, 175, 1, 500.00, '2023-03-14', NULL, NULL),
(621, 85, 1, 300.00, '2023-03-15', NULL, NULL),
(622, 178, 1, 450.00, '2023-03-15', NULL, NULL),
(623, 211, 1, 650.00, '2023-03-15', NULL, NULL),
(624, 188, 1, 600.00, '2023-03-15', NULL, NULL),
(625, 152, 1, 750.00, '2023-03-15', NULL, NULL),
(626, 205, 1, 2685.00, '2023-03-16', NULL, NULL),
(627, 216, 1, 800.00, '2023-03-16', NULL, NULL),
(628, 132, 1, 450.00, '2023-03-16', NULL, NULL),
(629, 156, 1, 250.00, '2023-03-16', NULL, NULL),
(630, 156, 1, 250.00, '2023-03-17', NULL, NULL),
(631, 178, 1, 450.00, '2023-03-17', NULL, NULL),
(632, 214, 1, 500.00, '2023-03-17', NULL, NULL),
(633, 156, 2, 350.00, '2023-03-17', NULL, NULL),
(634, 138, 1, 750.00, '2023-03-17', NULL, NULL),
(635, 174, 1, 250.00, '2023-03-17', NULL, NULL),
(636, 209, 1, 680.00, '2023-03-17', NULL, NULL),
(637, 239, 1, 450.00, '2023-03-17', NULL, NULL),
(638, 188, 1, 600.00, '2023-03-17', NULL, NULL),
(639, 178, 1, 450.00, '2023-03-17', NULL, NULL),
(640, 176, 1, 500.00, '2023-03-17', NULL, NULL),
(641, 138, 1, 350.00, '2023-03-17', NULL, NULL),
(642, 219, 1, 1800.00, '2023-03-17', NULL, NULL),
(643, 156, 2, 500.00, '2023-03-17', NULL, NULL),
(644, 174, 15, 420.00, '2023-03-17', NULL, NULL),
(645, 225, 1, 300.00, '2023-03-17', NULL, NULL),
(646, 178, 1, 450.00, '2023-03-17', NULL, NULL),
(647, 188, 1, 600.00, '2023-03-17', NULL, NULL),
(648, 84, 1, 300.00, '2023-03-17', NULL, NULL),
(649, 156, 1, 250.00, '2023-03-17', NULL, NULL),
(650, 174, 1, 840.00, '2023-03-17', NULL, NULL),
(651, 156, 1, 250.00, '2023-06-09', 'Maam Ardette', NULL),
(652, 156, 1, 250.00, '2023-06-09', NULL, NULL),
(653, 83, 1, 350.00, '2023-06-09', NULL, NULL),
(654, 83, 1, 370.00, '2023-06-09', NULL, NULL),
(655, 225, 1, 300.00, '2023-06-09', NULL, NULL),
(656, 178, 1, 350.00, '2023-06-09', NULL, NULL),
(657, 214, 1, 500.00, '2023-06-09', NULL, NULL),
(658, 163, 1, 0.00, '2023-06-09', NULL, 100),
(659, 144, 1, 0.00, '2023-06-09', 'Erlin', 100),
(660, 214, 1, 500.00, '2023-06-10', NULL, NULL),
(661, 156, 1, 250.00, '2023-06-10', NULL, NULL),
(662, 222, 1, 1.00, '2023-06-13', NULL, 100),
(663, 178, 1, 1.00, '2023-06-13', 'Jabeshi', 100),
(664, 156, 1, 1.00, '2023-06-13', NULL, 100),
(665, 156, 1, 250.00, '2023-06-14', NULL, NULL),
(666, 132, 1, 450.00, '2023-06-14', NULL, NULL),
(667, 168, 1, 510.00, '2023-06-14', NULL, NULL),
(668, 138, 1, 350.00, '2023-06-14', NULL, NULL),
(669, 222, 1, 300.00, '2023-06-14', NULL, NULL),
(670, 178, 1, 350.00, '2023-06-14', NULL, NULL),
(671, 156, 1, 250.00, '2023-06-14', NULL, NULL),
(672, 132, 1, 1.00, '2023-06-14', 'Dra.', 100),
(673, 156, 1, 250.00, '2023-06-15', NULL, NULL),
(674, 178, 1, 350.00, '2023-06-15', NULL, NULL),
(675, 195, 1, 1.00, '2023-06-16', NULL, 100),
(676, 142, 1, 550.00, '2023-06-16', NULL, NULL),
(677, 195, 1, 750.00, '2023-06-16', NULL, NULL),
(678, 222, 1, 300.00, '2023-06-16', NULL, NULL),
(679, 178, 1, 350.00, '2023-06-16', NULL, NULL),
(680, 156, 1, 250.00, '2023-06-16', NULL, NULL),
(681, 177, 1, 850.00, '2023-06-16', NULL, NULL),
(682, 210, 1, 1280.00, '2023-06-16', NULL, NULL),
(683, 188, 1, 600.00, '2023-06-17', NULL, NULL),
(684, 152, 1, 750.00, '2023-06-18', NULL, NULL),
(685, 222, 1, 300.00, '2023-06-19', NULL, NULL),
(686, 178, 1, 350.00, '2023-06-19', NULL, NULL),
(687, 156, 1, 250.00, '2023-06-19', NULL, NULL),
(688, 142, 1, 550.00, '2023-06-19', NULL, NULL),
(689, 210, 1, 1280.00, '2023-06-19', NULL, NULL),
(690, 168, 1, 510.00, '2023-06-19', NULL, NULL),
(691, 168, 1, 510.00, '2023-06-22', NULL, NULL),
(692, 83, 1, 350.00, '2023-03-07', NULL, 0),
(693, 83, 4, 0.00, '2023-03-08', NULL, 100),
(694, 83, 3, 1110.00, '2023-03-09', NULL, 0),
(695, 83, 1, 350.00, '2023-03-10', NULL, 0),
(696, 83, 1, 370.00, '2023-03-11', NULL, 0),
(697, 83, 1, 350.00, '2023-03-12', NULL, 0),
(698, 83, 1, 350.00, '2023-03-13', NULL, 0),
(699, 83, 1, 0.00, '2023-03-14', NULL, 100),
(700, 83, 1, 350.00, '2023-03-15', NULL, 0),
(701, 83, 1, 350.00, '2023-03-16', NULL, 0),
(702, 83, 1, 330.00, '2023-03-17', NULL, 0),
(703, 83, 3, 1110.00, '2023-03-18', NULL, 0),
(704, 83, 1, 350.00, '2023-03-19', NULL, 0),
(705, 83, 1, 350.00, '2023-03-20', NULL, 0),
(706, 83, 1, 350.00, '2023-03-21', NULL, 0),
(707, 83, 1, 400.00, '2023-03-22', NULL, 0),
(708, 83, 1, 350.00, '2023-03-23', NULL, 0),
(709, 83, 2, 350.00, '2023-03-24', NULL, 0),
(710, 83, 1, 350.00, '2023-03-25', NULL, 0),
(711, 84, 1, 300.00, '2023-03-26', NULL, 0),
(712, 84, 1, 300.00, '2023-03-27', NULL, 0),
(713, 84, 1, 300.00, '2023-03-28', NULL, 0),
(714, 85, 2, 600.00, '2023-03-29', NULL, 0),
(715, 85, 1, 300.00, '2023-03-30', NULL, 0),
(716, 85, 1, 0.00, '2023-03-31', NULL, 100),
(717, 85, 1, 300.00, '2023-04-01', NULL, 0),
(718, 85, 1, 300.00, '2023-04-02', NULL, 0),
(719, 132, 1, 450.00, '2023-04-03', NULL, 0),
(720, 132, 1, 450.00, '2023-04-04', NULL, 0),
(721, 132, 1, 0.00, '2023-04-05', 'Dra.', 100),
(722, 132, 1, 0.00, '2023-04-06', NULL, 100),
(723, 132, 1, 450.00, '2023-04-07', NULL, 0),
(724, 132, 1, 1800.00, '2023-04-08', NULL, 0),
(725, 132, 4, 1800.00, '2023-04-09', NULL, 0),
(726, 132, 1, 450.00, '2023-04-10', NULL, 0),
(727, 134, 1, 250.00, '2023-04-11', NULL, 0),
(728, 134, 1, 250.00, '2023-04-12', NULL, 0),
(729, 134, 1, 250.00, '2023-04-13', NULL, 0),
(730, 134, 1, 250.00, '2023-04-14', NULL, 0),
(731, 137, 2, 500.00, '2023-04-15', NULL, 0),
(732, 137, 1, 250.00, '2023-04-16', NULL, 0),
(733, 137, 1, 250.00, '2023-04-17', NULL, 0),
(734, 137, 1, 250.00, '2023-04-18', NULL, 0),
(735, 138, 1, 350.00, '2023-04-19', NULL, 0),
(736, 138, 1, 350.00, '2023-04-20', NULL, 0),
(737, 138, 1, 350.00, '2023-04-21', NULL, 0),
(738, 138, 1, 350.00, '2023-04-22', NULL, 0),
(739, 138, 1, 750.00, '2023-04-23', NULL, 0),
(740, 138, 1, 350.00, '2023-04-24', NULL, 0),
(741, 138, 1, 350.00, '2023-04-25', NULL, 0),
(742, 138, 1, 350.00, '2023-04-26', NULL, 0),
(743, 138, 1, 350.00, '2023-04-27', NULL, 0),
(744, 138, 1, 350.00, '2023-04-28', NULL, 0),
(745, 138, 1, 350.00, '2023-04-29', NULL, 0),
(746, 138, 2, 700.00, '2023-04-30', NULL, 0),
(747, 138, 2, 700.00, '2023-05-01', NULL, 0),
(748, 138, 1, 350.00, '2023-05-02', NULL, 0),
(749, 138, 3, 1050.00, '2023-05-03', NULL, 0),
(750, 138, 1, 3500.00, '2023-05-04', NULL, 0),
(751, 138, 1, 350.00, '2023-05-05', NULL, 0),
(752, 138, 1, 350.00, '2023-05-06', NULL, 0),
(753, 138, 1, 350.00, '2023-05-07', NULL, 0),
(754, 138, 1, 330.00, '2023-05-08', NULL, 0),
(755, 138, 1, 350.00, '2023-05-09', NULL, 0),
(756, 138, 1, 330.00, '2023-05-10', NULL, 0),
(757, 138, 1, 350.00, '2023-05-11', NULL, 0),
(758, 138, 1, 350.00, '2023-05-12', NULL, 0),
(759, 138, 1, 350.00, '2023-05-13', NULL, 0),
(760, 138, 1, 350.00, '2023-05-14', NULL, 0),
(761, 138, 1, 350.00, '2023-05-15', NULL, 0),
(762, 138, 1, 350.00, '2023-05-16', NULL, 0),
(763, 138, 1, 350.00, '2023-05-17', NULL, 0),
(764, 138, 1, 350.00, '2023-05-18', NULL, 0),
(765, 138, 1, 350.00, '2023-05-19', NULL, 0),
(766, 138, 1, 1400.00, '2023-05-20', NULL, 0),
(767, 138, 1, 1400.00, '2023-05-21', NULL, 0),
(768, 138, 1, 350.00, '2023-05-22', NULL, 0),
(769, 138, 1, 350.00, '2023-05-23', NULL, 0),
(770, 138, 1, 350.00, '2023-05-24', NULL, 0),
(771, 138, 1, 350.00, '2023-05-25', NULL, 0),
(772, 138, 1, 350.00, '2023-05-26', NULL, 0),
(773, 138, 1, 350.00, '2023-05-27', NULL, 0),
(774, 138, 1, 350.00, '2023-05-28', NULL, 0),
(775, 138, 1, 350.00, '2023-05-29', NULL, 0),
(776, 138, 1, 350.00, '2023-05-30', NULL, 0),
(777, 138, 1, 350.00, '2023-05-31', NULL, 0),
(778, 138, 1, 350.00, '2023-06-01', NULL, 0),
(779, 138, 1, 350.00, '2023-06-02', NULL, 0),
(780, 138, 1, 350.00, '2023-06-03', NULL, 0),
(781, 138, 1, 350.00, '2023-06-04', NULL, 0),
(782, 138, 1, 350.00, '2023-06-05', NULL, 0),
(783, 138, 1, 350.00, '2023-06-06', NULL, 0),
(784, 138, 1, 350.00, '2023-06-07', NULL, 0),
(785, 138, 1, 350.00, '2023-06-08', NULL, 0),
(786, 138, 1, 350.00, '2023-06-09', NULL, 0),
(787, 138, 1, 350.00, '2023-06-10', NULL, 0),
(788, 138, 1, 350.00, '2023-06-11', NULL, 0),
(789, 138, 1, 350.00, '2023-06-12', NULL, 0),
(790, 138, 1, 350.00, '2023-06-13', NULL, 0),
(791, 138, 1, 350.00, '2023-06-14', NULL, 0),
(792, 138, 1, 350.00, '2023-06-15', NULL, 0),
(793, 138, 1, 350.00, '2023-06-16', NULL, 0),
(794, 138, 1, 350.00, '2023-06-17', NULL, 0),
(795, 138, 2, 350.00, '2023-06-18', NULL, 0),
(796, 138, 2, 350.00, '2023-06-19', NULL, 0),
(797, 138, 1, 350.00, '2023-06-20', NULL, 0),
(798, 138, 1, 350.00, '2023-06-21', NULL, 0),
(799, 138, 1, 350.00, '2023-06-22', NULL, 0),
(800, 138, 1, 350.00, '2023-06-23', NULL, 0),
(801, 138, 1, 350.00, '2023-06-24', NULL, 0),
(802, 138, 1, 350.00, '2023-06-25', NULL, 0),
(803, 140, 1, 0.00, '2023-06-26', NULL, 100),
(804, 140, 1, 0.00, '2023-06-27', NULL, 100),
(805, 142, 1, 550.00, '2023-06-28', NULL, 0),
(806, 142, 1, 550.00, '2023-06-29', NULL, 0),
(807, 142, 1, 0.00, '2023-06-30', NULL, 100),
(808, 142, 1, 495.00, '2023-07-01', NULL, 0),
(809, 144, 1, 0.00, '2023-07-02', 'Erlin', 100),
(810, 146, 0, 500.00, '2023-07-03', NULL, 0),
(811, 146, 0, 250.00, '2023-07-04', NULL, 0),
(812, 146, 2, 500.00, '2023-07-05', NULL, 0),
(813, 146, 0, 250.00, '2023-07-06', NULL, 0),
(814, 146, 0, 250.00, '2023-07-07', NULL, 0),
(815, 148, 1, 650.00, '2023-07-08', NULL, 0),
(816, 149, 0, 250.00, '2023-07-09', NULL, 0),
(817, 149, 0, 250.00, '2023-07-10', NULL, 0),
(818, 149, 2, 500.00, '2023-07-11', NULL, 0),
(819, 152, 2, 900.00, '2023-07-12', NULL, 0),
(820, 152, 2, 1500.00, '2023-07-13', NULL, 0),
(821, 152, 1, 750.00, '2023-07-14', NULL, 0),
(822, 152, 1, 750.00, '2023-07-15', NULL, 0),
(823, 152, 1, 750.00, '2023-07-16', NULL, 0),
(824, 152, 1, 750.00, '2023-07-17', NULL, 0),
(825, 152, 1, 750.00, '2023-07-18', NULL, 0),
(826, 152, 1, 750.00, '2023-07-19', NULL, 0),
(827, 152, 1, 750.00, '2023-07-20', NULL, 0),
(828, 152, 1, 750.00, '2023-07-21', NULL, 0),
(829, 152, 1, 750.00, '2023-07-22', NULL, 0),
(830, 152, 1, 750.00, '2023-07-23', NULL, 0),
(831, 152, 1, 750.00, '2023-07-24', NULL, 0),
(832, 152, 1, 750.00, '2023-07-25', NULL, 0),
(833, 152, 1, 750.00, '2023-07-26', NULL, 0),
(834, 152, 1, 750.00, '2023-07-27', NULL, 0),
(835, 152, 1, 750.00, '2023-07-28', NULL, 0),
(836, 152, 1, 750.00, '2023-07-29', NULL, 0),
(837, 152, 1, 750.00, '2023-07-30', NULL, 0),
(838, 152, 1, 750.00, '2023-07-31', NULL, 0),
(839, 152, 1, 750.00, '2023-08-01', NULL, 0),
(840, 152, 1, 750.00, '2023-08-02', NULL, 0),
(841, 152, 1, 750.00, '2023-08-03', NULL, 0),
(842, 152, 1, 750.00, '2023-08-04', NULL, 0),
(843, 152, 1, 750.00, '2023-08-05', NULL, 0),
(844, 152, 1, 750.00, '2023-08-06', NULL, 0),
(845, 152, 1, 750.00, '2023-08-07', NULL, 0),
(846, 152, 1, 1800.00, '2023-08-08', NULL, 0),
(847, 152, 1, 750.00, '2023-08-09', NULL, 0),
(848, 152, 1, 750.00, '2023-08-10', NULL, 0),
(849, 152, 1, 4300.00, '2023-08-11', NULL, 0),
(850, 152, 1, 750.00, '2023-08-12', NULL, 0),
(851, 152, 1, 750.00, '2023-08-13', NULL, 0),
(852, 152, 1, 750.00, '2023-08-14', NULL, 0),
(853, 152, 1, 750.00, '2023-08-15', NULL, 0),
(854, 152, 1, 750.00, '2023-08-16', NULL, 0),
(855, 153, 1, 350.00, '2023-08-17', NULL, 0),
(856, 153, 1, 700.00, '2023-08-18', NULL, 0),
(857, 153, 1, 0.00, '2023-08-19', NULL, 100),
(858, 153, 1, 1500.00, '2023-08-20', NULL, 0),
(859, 153, 1, 700.00, '2023-08-21', NULL, 0),
(860, 156, 1, 220.00, '2023-08-22', NULL, 0),
(861, 156, 1, 220.00, '2023-08-23', NULL, 0),
(862, 156, 2, 440.00, '2023-08-24', NULL, 0),
(863, 156, 1, 220.00, '2023-08-25', NULL, 0),
(864, 156, 1, 220.00, '2023-08-26', NULL, 0),
(865, 156, 1, 220.00, '2023-08-27', NULL, 0),
(866, 156, 1, 220.00, '2023-08-28', NULL, 0),
(867, 156, 1, 0.00, '2023-08-29', 'Queenay', 100),
(868, 156, 1, 220.00, '2023-08-30', NULL, 0),
(869, 156, 1, 220.00, '2023-08-31', NULL, 0),
(870, 156, 1, 220.00, '2023-09-01', NULL, 0),
(871, 156, 1, 220.00, '2023-09-02', NULL, 0),
(872, 156, 1, 250.00, '2023-09-03', NULL, 0),
(873, 156, 1, 250.00, '2023-09-04', NULL, 0),
(874, 156, 1, 250.00, '2023-09-05', NULL, 0),
(875, 156, 2, 350.00, '2023-09-06', NULL, 0),
(876, 156, 2, 500.00, '2023-09-07', NULL, 0),
(877, 156, 1, 250.00, '2023-09-08', NULL, 0),
(878, 156, 1, 250.00, '2023-09-09', 'Ma\'am Ardette', 0),
(879, 156, 1, 250.00, '2023-09-10', NULL, 0),
(880, 156, 1, 250.00, '2023-09-11', NULL, 0),
(881, 156, 1, 0.00, '2023-09-12', NULL, 100),
(882, 156, 1, 250.00, '2023-09-13', NULL, 0),
(883, 156, 1, 250.00, '2023-09-14', NULL, 0),
(884, 156, 1, 250.00, '2023-09-15', NULL, 0),
(885, 156, 1, 250.00, '2023-09-16', NULL, 0),
(886, 156, 1, 250.00, '2023-09-17', NULL, 0),
(887, 156, 1, 250.00, '2023-09-18', NULL, 0),
(888, 156, 1, 250.00, '2023-09-19', NULL, 0),
(889, 156, 1, 250.00, '2023-09-20', NULL, 0),
(890, 156, 1, 0.00, '2023-09-21', NULL, 100),
(891, 156, 1, 250.00, '2023-09-22', NULL, 0),
(892, 156, 1, 220.00, '2023-09-23', NULL, 0),
(893, 156, 1, 220.00, '2023-09-24', NULL, 0),
(894, 156, 1, 220.00, '2023-09-25', NULL, 0),
(895, 156, 1, 220.00, '2023-09-26', NULL, 0),
(896, 156, 1, 250.00, '2023-09-27', NULL, 0),
(897, 156, 1, 250.00, '2023-09-28', NULL, 0),
(898, 156, 1, 250.00, '2023-09-29', NULL, 0),
(899, 156, 1, 250.00, '2023-09-30', NULL, 0),
(900, 156, 1, 250.00, '2023-10-01', NULL, 0),
(901, 156, 1, 250.00, '2023-10-02', NULL, 0),
(902, 156, 1, 600.00, '2023-10-03', NULL, 0),
(903, 156, 1, 250.00, '2023-10-04', NULL, 0),
(904, 156, 2, 500.00, '2023-10-05', NULL, 0),
(905, 156, 1, 250.00, '2023-10-06', NULL, 0),
(906, 156, 1, 0.00, '2023-10-07', NULL, 100),
(907, 156, 1, 250.00, '2023-10-08', NULL, 0),
(908, 156, 1, 250.00, '2023-10-09', NULL, 0),
(909, 156, 1, 250.00, '2023-10-10', NULL, 0),
(910, 156, 1, 250.00, '2023-10-11', NULL, 0),
(911, 156, 1, 250.00, '2023-10-12', NULL, 0),
(912, 156, 1, 250.00, '2023-10-13', NULL, 0),
(913, 156, 1, 250.00, '2023-10-14', NULL, 0),
(914, 156, 1, 250.00, '2023-10-15', NULL, 0),
(915, 156, 1, 250.00, '2023-10-16', NULL, 0),
(916, 156, 1, 250.00, '2023-10-17', NULL, 0),
(917, 156, 1, 250.00, '2023-10-18', NULL, 0),
(918, 156, 1, 250.00, '2023-10-19', NULL, 0),
(919, 156, 1, 250.00, '2023-10-20', NULL, 0),
(920, 156, 1, 250.00, '2023-10-21', NULL, 0),
(921, 156, 2, 500.00, '2023-10-22', NULL, 0),
(922, 156, 1, 250.00, '2023-10-23', NULL, 0),
(923, 156, 2, 500.00, '2023-10-24', NULL, 0),
(924, 156, 1, 250.00, '2023-10-25', NULL, 0),
(925, 156, 2, 250.00, '2023-10-26', NULL, 0),
(926, 156, 1, 250.00, '2023-10-27', NULL, 0),
(927, 156, 2, 500.00, '2023-10-28', NULL, 0),
(928, 156, 2, 500.00, '2023-10-29', NULL, 0),
(929, 156, 2, 500.00, '2023-10-30', NULL, 0),
(930, 156, 1, 250.00, '2023-10-31', NULL, 0),
(931, 156, 1, 250.00, '2023-11-01', NULL, 0),
(932, 156, 2, 500.00, '2023-11-02', NULL, 0),
(933, 156, 1, 500.00, '2023-11-03', NULL, 0),
(934, 156, 1, 250.00, '2023-11-04', NULL, 0),
(935, 156, 1, 250.00, '2023-11-05', NULL, 0),
(936, 156, 1, 0.00, '2023-11-06', NULL, 100),
(937, 156, 1, 250.00, '2023-11-07', NULL, 0),
(938, 156, 1, 250.00, '2023-11-08', NULL, 0),
(939, 156, 1, 250.00, '2023-11-09', NULL, 0),
(940, 156, 4, 1000.00, '2023-11-10', NULL, 0),
(941, 156, 2, 500.00, '2023-11-11', NULL, 0),
(942, 156, 1, 250.00, '2023-11-12', NULL, 0),
(943, 156, 2, 500.00, '2023-11-13', NULL, 0),
(944, 156, 2, 500.00, '2023-11-14', NULL, 0),
(945, 156, 1, 250.00, '2023-11-15', NULL, 0),
(946, 156, 1, 500.00, '2023-11-16', NULL, 0),
(947, 156, 1, 250.00, '2023-11-17', NULL, 0),
(948, 156, 1, 250.00, '2023-11-18', NULL, 0),
(949, 156, 1, 250.00, '2023-11-19', NULL, 0),
(950, 156, 1, 250.00, '2023-11-20', NULL, 0),
(951, 156, 1, 250.00, '2023-11-21', NULL, 0),
(952, 156, 1, 250.00, '2023-11-22', NULL, 0),
(953, 156, 1, 250.00, '2023-11-23', NULL, 0),
(954, 156, 1, 250.00, '2023-11-24', NULL, 0),
(955, 156, 1, 250.00, '2023-11-25', NULL, 0),
(956, 156, 1, 250.00, '2023-11-26', NULL, 0),
(957, 156, 1, 250.00, '2023-11-27', NULL, 0),
(958, 156, 1, 250.00, '2023-11-28', NULL, 0),
(959, 156, 1, 250.00, '2023-11-29', NULL, 0),
(960, 156, 1, 250.00, '2023-11-30', NULL, 0),
(961, 156, 1, 250.00, '2023-12-01', NULL, 0),
(962, 156, 1, 250.00, '2023-12-02', NULL, 0),
(963, 156, 1, 250.00, '2023-12-03', NULL, 0),
(964, 156, 1, 250.00, '2023-12-04', NULL, 0),
(965, 156, 1, 250.00, '2023-12-05', NULL, 0),
(966, 156, 1, 250.00, '2023-12-06', NULL, 0),
(967, 156, 1, 250.00, '2023-12-07', NULL, 0),
(968, 156, 1, 250.00, '2023-12-08', NULL, 0),
(969, 156, 1, 250.00, '2023-12-09', NULL, 0),
(970, 156, 1, 250.00, '2023-12-10', NULL, 0),
(971, 156, 1, 250.00, '2023-12-11', NULL, 0),
(972, 156, 1, 250.00, '2023-12-12', NULL, 0),
(973, 156, 1, 250.00, '2023-12-13', NULL, 0),
(974, 156, 1, 250.00, '2023-12-14', NULL, 0),
(975, 156, 1, 250.00, '2023-12-15', NULL, 0),
(976, 156, 1, 250.00, '2023-12-16', NULL, 0),
(977, 156, 1, 250.00, '2023-12-17', NULL, 0),
(978, 156, 1, 250.00, '2023-12-18', NULL, 0),
(979, 156, 1, 250.00, '2023-12-19', NULL, 0),
(980, 156, 1, 250.00, '2023-12-20', NULL, 0),
(981, 156, 1, 250.00, '2023-12-21', NULL, 0),
(982, 156, 1, 250.00, '2023-12-22', NULL, 0),
(983, 156, 1, 250.00, '2023-12-23', NULL, 0),
(984, 156, 1, 250.00, '2023-12-24', NULL, 0),
(985, 156, 1, 250.00, '2023-12-25', NULL, 0),
(986, 156, 1, 250.00, '2023-12-26', NULL, 0),
(987, 156, 1, 250.00, '2023-12-27', NULL, 0),
(988, 156, 1, 250.00, '2023-12-28', NULL, 0),
(989, 156, 1, 250.00, '2023-12-29', NULL, 0),
(990, 156, 1, 250.00, '2023-12-30', NULL, 0),
(991, 156, 1, 250.00, '2023-12-31', NULL, 0),
(992, 156, 1, 250.00, '2023-01-01', NULL, 0),
(993, 156, 1, 250.00, '2023-01-02', NULL, 0),
(994, 156, 1, 250.00, '2023-01-03', NULL, 0),
(995, 156, 1, 250.00, '2023-01-04', NULL, 0),
(996, 156, 1, 250.00, '2023-01-05', NULL, 0),
(997, 156, 1, 250.00, '2023-01-06', NULL, 0),
(998, 156, 1, 250.00, '2023-01-07', NULL, 0),
(999, 156, 1, 250.00, '2023-01-08', NULL, 0),
(1000, 156, 1, 250.00, '2023-01-09', NULL, 0),
(1001, 156, 1, 250.00, '2023-01-10', NULL, 0),
(1002, 156, 1, 250.00, '2023-01-11', NULL, 0),
(1003, 156, 1, 250.00, '2023-01-12', NULL, 0),
(1004, 156, 1, 250.00, '2023-01-13', NULL, 0),
(1005, 156, 1, 250.00, '2023-01-14', NULL, 0),
(1006, 156, 1, 250.00, '2023-01-15', NULL, 0),
(1007, 156, 1, 250.00, '2023-01-16', NULL, 0),
(1008, 156, 1, 250.00, '2023-01-17', NULL, 0),
(1009, 156, 1, 250.00, '2023-01-18', NULL, 0),
(1010, 156, 1, 250.00, '2023-01-19', NULL, 0),
(1011, 156, 1, 250.00, '2023-01-20', NULL, 0),
(1012, 156, 1, 250.00, '2023-01-21', NULL, 0),
(1013, 156, 1, 250.00, '2023-01-22', NULL, 0),
(1014, 156, 1, 250.00, '2023-01-23', NULL, 0),
(1015, 156, 1, 250.00, '2023-01-24', NULL, 0),
(1016, 156, 1, 250.00, '2023-01-25', NULL, 0),
(1017, 156, 1, 250.00, '2023-01-26', NULL, 0),
(1018, 156, 1, 250.00, '2023-01-27', NULL, 0),
(1019, 156, 1, 250.00, '2023-01-28', NULL, 0),
(1020, 156, 1, 250.00, '2023-01-29', NULL, 0),
(1021, 156, 1, 250.00, '2023-01-30', NULL, 0),
(1022, 156, 1, 250.00, '2023-01-31', NULL, 0),
(1023, 156, 1, 250.00, '2023-02-01', NULL, 0),
(1024, 156, 1, 250.00, '2023-02-02', NULL, 0),
(1025, 156, 1, 250.00, '2023-02-03', NULL, 0),
(1026, 156, 1, 250.00, '2023-02-04', NULL, 0),
(1027, 156, 1, 250.00, '2023-02-05', NULL, 0),
(1028, 156, 1, 250.00, '2023-02-06', NULL, 0),
(1029, 156, 1, 250.00, '2023-02-07', NULL, 0),
(1030, 156, 1, 250.00, '2023-02-08', NULL, 0),
(1031, 156, 1, 250.00, '2023-02-09', NULL, 0),
(1032, 156, 1, 250.00, '2023-02-10', NULL, 0),
(1033, 156, 1, 250.00, '2023-02-11', NULL, 0),
(1034, 156, 2, 500.00, '2023-02-12', NULL, 0),
(1035, 156, 1, 250.00, '2023-02-13', NULL, 0),
(1036, 156, 0, 250.00, '2023-02-14', NULL, 0),
(1037, 156, 0, 250.00, '2023-02-15', NULL, 0),
(1038, 156, 1, 0.00, '2023-02-16', NULL, 100),
(1039, 156, 1, 0.00, '2023-02-17', NULL, 100),
(1040, 156, 1, 250.00, '2023-02-18', NULL, 0),
(1041, 156, 1, 250.00, '2023-02-19', NULL, 0),
(1042, 156, 1, 250.00, '2023-02-20', NULL, 0),
(1043, 156, 1, 250.00, '2023-02-21', NULL, 0),
(1044, 156, 1, 250.00, '2023-02-22', NULL, 0),
(1045, 156, 1, 250.00, '2023-02-23', NULL, 0),
(1046, 156, 1, 250.00, '2023-02-24', NULL, 0),
(1047, 156, 1, 250.00, '2023-02-25', NULL, 0),
(1048, 156, 1, 250.00, '2023-02-26', NULL, 0),
(1049, 156, 1, 250.00, '2023-02-27', NULL, 0),
(1050, 156, 1, 250.00, '2023-02-28', NULL, 0),
(1051, 156, 1, 250.00, '0000-00-00', NULL, 0),
(1052, 156, 1, 250.00, '2023-03-01', NULL, 0),
(1053, 156, 1, 250.00, '2023-03-02', NULL, 0),
(1054, 156, 1, 250.00, '2023-03-03', NULL, 0),
(1055, 156, 1, 250.00, '2023-03-04', NULL, 0),
(1056, 156, 1, 250.00, '2023-03-05', NULL, 0),
(1057, 156, 1, 250.00, '2023-03-06', NULL, 0),
(1058, 158, 1, 1800.00, '2023-03-07', NULL, 0),
(1059, 162, 7, 28.00, '2023-03-08', NULL, 0),
(1060, 162, 1, 49.00, '2023-03-09', NULL, 0),
(1061, 162, 1, 49.00, '2023-03-10', NULL, 0),
(1062, 162, 1, 49.00, '2023-03-11', NULL, 0),
(1063, 162, 1, 49.00, '2023-03-12', NULL, 0),
(1064, 163, 1, 0.00, '2023-03-13', NULL, 100),
(1065, 163, 1, 2000.00, '2023-03-14', NULL, 0),
(1066, 163, 1, 2000.00, '2023-03-15', NULL, 0),
(1067, 167, 1, 2500.00, '2023-03-16', NULL, 0),
(1068, 167, 1, 5000.00, '2023-03-17', NULL, 0),
(1069, 168, 1, 510.00, '2023-03-18', NULL, 0),
(1070, 168, 1, 510.00, '2023-03-19', NULL, 0),
(1071, 168, 1, 510.00, '2023-03-20', NULL, 0),
(1072, 168, 1, 0.00, '2023-03-21', NULL, 100),
(1073, 168, 1, 459.00, '2023-03-22', NULL, 0),
(1074, 168, 1, 510.00, '2023-03-23', NULL, 0),
(1075, 168, 1, 510.00, '2023-03-24', NULL, 0),
(1076, 168, 1, 510.00, '2023-03-25', NULL, 0),
(1077, 168, 1, 510.00, '2023-03-26', NULL, 0),
(1078, 168, 1, 516.00, '2023-03-27', NULL, 0),
(1079, 168, 1, 510.00, '2023-03-28', NULL, 0),
(1080, 168, 1, 510.00, '2023-03-29', NULL, 0),
(1081, 168, 1, 510.00, '2023-03-30', NULL, 0),
(1082, 168, 1, 850.00, '2023-03-31', NULL, 0),
(1083, 168, 1, 510.00, '2023-04-01', NULL, 0),
(1084, 168, 1, 510.00, '2023-04-02', NULL, 0),
(1085, 168, 1, 510.00, '2023-04-03', NULL, 0),
(1086, 168, 1, 510.00, '2023-04-04', NULL, 0),
(1087, 168, 1, 510.00, '2023-04-05', NULL, 0),
(1088, 168, 1, 510.00, '2023-04-06', NULL, 0),
(1089, 168, 1, 510.00, '2023-04-07', NULL, 0),
(1090, 168, 1, 510.00, '2023-04-08', NULL, 0),
(1091, 168, 1, 510.00, '2023-04-09', NULL, 0),
(1092, 168, 1, 510.00, '2023-04-10', NULL, 0),
(1093, 168, 1, 510.00, '2023-04-11', NULL, 0),
(1094, 168, 1, 510.00, '2023-04-12', NULL, 0),
(1095, 168, 1, 510.00, '2023-04-13', NULL, 0),
(1096, 168, 1, 510.00, '2023-04-14', NULL, 0),
(1097, 168, 1, 510.00, '2023-04-15', NULL, 0),
(1098, 168, 1, 510.00, '2023-04-16', NULL, 0),
(1099, 168, 1, 510.00, '2023-04-17', NULL, 0),
(1100, 168, 1, 510.00, '2023-04-18', NULL, 0),
(1101, 168, 1, 510.00, '2023-04-19', NULL, 0),
(1102, 168, 1, 510.00, '2023-04-20', NULL, 0),
(1103, 168, 1, 510.00, '2023-04-21', NULL, 0),
(1104, 168, 1, 510.00, '2023-04-22', NULL, 0),
(1105, 168, 1, 510.00, '2023-04-23', NULL, 0),
(1106, 168, 1, 510.00, '2023-04-24', NULL, 0),
(1107, 168, 1, 510.00, '2023-04-25', NULL, 0),
(1108, 168, 1, 510.00, '2023-04-26', NULL, 0),
(1109, 168, 1, 510.00, '2023-04-27', NULL, 0),
(1110, 168, 1, 510.00, '2023-04-28', NULL, 0),
(1111, 168, 1, 510.00, '2023-04-29', NULL, 0),
(1112, 168, 1, 510.00, '2023-04-30', NULL, 0),
(1113, 168, 1, 510.00, '2023-05-01', NULL, 0),
(1114, 168, 1, 510.00, '2023-05-02', NULL, 0),
(1115, 168, 1, 510.00, '2023-05-03', NULL, 0),
(1116, 168, 1, 510.00, '2023-05-04', NULL, 0),
(1117, 168, 1, 510.00, '2023-05-05', NULL, 0),
(1118, 168, 1, 510.00, '2023-05-06', NULL, 0),
(1119, 168, 1, 510.00, '2023-05-07', NULL, 0),
(1120, 168, 1, 510.00, '2023-05-08', NULL, 0),
(1121, 168, 1, 510.00, '2023-05-09', NULL, 0),
(1122, 168, 1, 510.00, '2023-05-10', NULL, 0),
(1123, 168, 1, 510.00, '2023-05-11', NULL, 0),
(1124, 168, 1, 510.00, '2023-05-12', NULL, 0),
(1125, 168, 1, 510.00, '2023-05-13', NULL, 0),
(1126, 168, 1, 510.00, '2023-05-14', NULL, 0),
(1127, 168, 1, 510.00, '2023-05-15', NULL, 0),
(1128, 168, 1, 510.00, '2023-05-16', NULL, 0),
(1129, 168, 1, 510.00, '2023-05-17', NULL, 0),
(1130, 168, 1, 510.00, '2023-05-18', NULL, 0),
(1131, 168, 1, 510.00, '2023-05-19', NULL, 0),
(1132, 168, 1, 510.00, '2023-05-20', NULL, 0),
(1133, 168, 1, 510.00, '2023-05-21', NULL, 0),
(1134, 168, 1, 510.00, '2023-05-22', NULL, 0),
(1135, 168, 1, 510.00, '2023-05-23', NULL, 0),
(1136, 168, 1, 510.00, '2023-05-24', NULL, 0),
(1137, 168, 1, 510.00, '2023-05-25', NULL, 0),
(1138, 168, 1, 510.00, '2023-05-26', NULL, 0),
(1139, 168, 1, 510.00, '2023-05-27', NULL, 0),
(1140, 168, 1, 510.00, '2023-05-28', NULL, 0),
(1141, 168, 1, 510.00, '2023-05-29', NULL, 0),
(1142, 168, 1, 510.00, '2023-05-30', NULL, 0),
(1143, 168, 1, 510.00, '2023-05-31', NULL, 0),
(1144, 168, 1, 510.00, '2023-06-01', NULL, 0),
(1145, 168, 1, 510.00, '2023-06-02', NULL, 0),
(1146, 168, 1, 510.00, '2023-06-03', NULL, 0),
(1147, 168, 1, 1020.00, '2023-06-04', NULL, 0),
(1148, 168, 2, 1020.00, '2023-06-05', NULL, 0),
(1149, 168, 1, 510.00, '2023-06-06', NULL, 0),
(1150, 168, 1, 510.00, '2023-06-07', NULL, 0),
(1151, 168, 1, 510.00, '2023-06-08', NULL, 0),
(1152, 168, 1, 510.00, '2023-06-09', NULL, 0),
(1153, 168, 1, 510.00, '2023-06-10', NULL, 0),
(1154, 168, 1, 510.00, '2023-06-11', NULL, 0),
(1155, 168, 1, 510.00, '2023-06-12', NULL, 0),
(1156, 168, 1, 510.00, '2023-06-13', NULL, 0),
(1157, 168, 1, 510.00, '2023-06-14', NULL, 0),
(1158, 168, 1, 510.00, '2023-06-15', NULL, 0),
(1159, 168, 1, 510.00, '2023-06-16', NULL, 0),
(1160, 168, 1, 510.00, '2023-06-17', NULL, 0),
(1161, 169, 1, 600.00, '2023-06-18', NULL, 0),
(1162, 169, 1, 600.00, '2023-06-19', NULL, 0),
(1163, 169, 1, 600.00, '2023-06-20', NULL, 0),
(1164, 169, 1, 600.00, '2023-06-21', NULL, 0),
(1165, 169, 1, 600.00, '2023-06-22', NULL, 0),
(1166, 169, 1, 600.00, '2023-06-23', NULL, 0),
(1167, 174, 30, 840.00, '2023-06-24', NULL, 0),
(1168, 174, 2, 1680.00, '2023-06-25', NULL, 0),
(1169, 174, 1, 840.00, '2023-06-26', NULL, 0),
(1170, 174, 1, 840.00, '2023-06-27', NULL, 0),
(1171, 174, 1, 140.00, '2023-06-28', NULL, 0),
(1172, 174, 1, 840.00, '2023-06-29', NULL, 0),
(1173, 174, 1, 250.00, '2023-06-30', NULL, 0),
(1174, 174, 15, 420.00, '2023-07-01', NULL, 0),
(1175, 174, 1, 840.00, '2023-07-02', NULL, 0),
(1176, 174, 1, 1680.00, '2023-07-03', NULL, 0),
(1177, 174, 10, 280.00, '2023-07-04', NULL, 0),
(1178, 174, 1, 840.00, '2023-07-05', NULL, 0),
(1179, 174, 1, 840.00, '2023-07-06', NULL, 0),
(1180, 174, 1, 840.00, '2023-07-07', NULL, 0),
(1181, 174, 2, 900.00, '2023-07-08', NULL, 0),
(1182, 174, 15, 420.00, '2023-07-09', NULL, 0),
(1183, 174, 1, 840.00, '2023-07-10', NULL, 0),
(1184, 174, 1, 840.00, '2023-07-11', NULL, 0),
(1185, 174, 1, 196.00, '2023-07-12', NULL, 0),
(1186, 174, 1, 840.00, '2023-07-13', NULL, 0),
(1187, 174, 1, 840.00, '2023-07-14', NULL, 0),
(1188, 174, 10, 280.00, '2023-07-15', NULL, 0),
(1189, 174, 1, 840.00, '2023-07-16', NULL, 0),
(1190, 174, 1, 840.00, '2023-07-17', NULL, 0),
(1191, 174, 1, 840.00, '2023-07-18', NULL, 0),
(1192, 174, 1, 840.00, '2023-07-19', NULL, 0),
(1193, 174, 1, 840.00, '2023-07-20', NULL, 0),
(1194, 174, 1, 840.00, '2023-07-21', NULL, 0),
(1195, 175, 1, 500.00, '2023-07-22', NULL, 0),
(1196, 175, 1, 850.00, '2023-07-23', NULL, 0),
(1197, 175, 1, 500.00, '2023-07-24', NULL, 0),
(1198, 175, 1, 500.00, '2023-07-25', NULL, 0),
(1199, 175, 1, 800.00, '2023-07-26', NULL, 0),
(1200, 175, 1, 350.00, '2023-07-27', NULL, 0),
(1201, 175, 1, 350.00, '2023-07-28', NULL, 0),
(1202, 176, 1, 500.00, '2023-07-29', NULL, 0),
(1203, 176, 1, 500.00, '2023-07-30', NULL, 0),
(1204, 177, 1, 850.00, '2023-07-31', NULL, 0),
(1205, 177, 1, 850.00, '2023-08-01', NULL, 0),
(1206, 177, 1, 850.00, '2023-08-02', NULL, 0),
(1207, 177, 1, 850.00, '2023-08-03', NULL, 0),
(1208, 177, 1, 850.00, '2023-08-04', NULL, 0),
(1209, 177, 1, 850.00, '2023-08-05', NULL, 0),
(1210, 177, 1, 850.00, '2023-08-06', NULL, 0),
(1211, 177, 1, 850.00, '2023-08-07', NULL, 0),
(1212, 177, 1, 450.00, '2023-08-08', NULL, 0),
(1213, 177, 1, 0.00, '2023-08-09', NULL, 100),
(1214, 177, 1, 850.00, '2023-08-10', NULL, 0),
(1215, 177, 1, 850.00, '2023-08-11', NULL, 0),
(1216, 177, 1, 850.00, '2023-08-12', NULL, 0),
(1217, 177, 1, 840.00, '2023-08-13', NULL, 0),
(1218, 177, 4, 0.00, '2023-08-14', NULL, 100),
(1219, 177, 1, 850.00, '2023-08-15', NULL, 0),
(1220, 177, 1, 480.00, '2023-08-16', NULL, 0),
(1221, 177, 1, 480.00, '2023-08-17', NULL, 0),
(1222, 177, 1, 850.00, '2023-08-18', NULL, 0),
(1223, 177, 1, 850.00, '2023-08-19', NULL, 0),
(1224, 177, 1, 480.00, '2023-08-20', NULL, 0),
(1225, 177, 1, 490.00, '2023-08-21', NULL, 0),
(1226, 177, 1, 480.00, '2023-08-22', NULL, 0),
(1227, 177, 1, 480.00, '2023-08-23', NULL, 0),
(1228, 177, 1, 850.00, '2023-08-24', NULL, 0),
(1229, 177, 1, 850.00, '2023-08-25', NULL, 0),
(1230, 177, 1, 850.00, '2023-08-26', NULL, 0),
(1231, 177, 1, 850.00, '2023-08-27', NULL, 0),
(1232, 177, 1, 850.00, '2023-08-28', NULL, 0),
(1233, 177, 1, 850.00, '2023-08-29', NULL, 0),
(1234, 177, 1, 850.00, '2023-08-30', NULL, 0),
(1235, 177, 1, 850.00, '2023-08-31', NULL, 0),
(1236, 177, 1, 850.00, '2023-09-01', NULL, 0),
(1237, 177, 1, 850.00, '2023-09-02', NULL, 0),
(1238, 177, 1, 850.00, '2023-09-03', NULL, 0),
(1239, 177, 1, 850.00, '2023-09-04', NULL, 0),
(1240, 177, 1, 850.00, '2023-09-05', NULL, 0),
(1241, 177, 1, 850.00, '2023-09-06', NULL, 0),
(1242, 177, 1, 850.00, '2023-09-07', NULL, 0),
(1243, 177, 1, 0.00, '2023-09-08', NULL, 0),
(1244, 177, 1, 850.00, '2023-09-09', NULL, 0),
(1245, 177, 1, 850.00, '2023-09-10', NULL, 0),
(1246, 177, 1, 850.00, '2023-09-11', NULL, 0),
(1247, 177, 1, 850.00, '2023-09-12', NULL, 0),
(1248, 177, 1, 850.00, '2023-09-13', NULL, 0),
(1249, 177, 1, 850.00, '2023-09-14', NULL, 0),
(1250, 177, 1, 850.00, '2023-09-15', NULL, 0),
(1251, 177, 1, 850.00, '2023-09-16', NULL, 0),
(1252, 177, 1, 850.00, '2023-09-17', NULL, 0),
(1253, 177, 1, 850.00, '2023-09-18', NULL, 0),
(1254, 177, 1, 850.00, '2023-09-19', NULL, 0),
(1255, 177, 1, 850.00, '2023-09-20', NULL, 0),
(1256, 177, 1, 850.00, '2023-09-21', NULL, 0),
(1257, 177, 1, 850.00, '2023-09-22', NULL, 0),
(1258, 177, 1, 850.00, '2023-09-23', NULL, 0),
(1259, 177, 1, 850.00, '2023-09-24', NULL, 0),
(1260, 177, 1, 850.00, '2023-09-25', NULL, 0),
(1261, 177, 1, 850.00, '2023-09-26', NULL, 0),
(1262, 177, 1, 850.00, '2023-09-27', NULL, 0),
(1263, 177, 1, 850.00, '2023-09-28', NULL, 0),
(1264, 177, 1, 850.00, '2023-09-29', NULL, 0),
(1265, 177, 1, 850.00, '2023-09-30', NULL, 0),
(1266, 177, 1, 850.00, '2023-10-01', NULL, 0),
(1267, 177, 1, 850.00, '2023-10-02', NULL, 0),
(1268, 177, 1, 850.00, '2023-10-03', NULL, 0),
(1269, 177, 1, 850.00, '2023-10-04', NULL, 0),
(1270, 177, 1, 850.00, '2023-10-05', NULL, 0),
(1271, 177, 1, 850.00, '2023-10-06', NULL, 0),
(1272, 177, 1, 850.00, '2023-10-07', NULL, 0),
(1273, 177, 1, 850.00, '2023-10-08', NULL, 0),
(1274, 177, 1, 850.00, '2023-10-09', NULL, 0),
(1275, 177, 1, 850.00, '2023-10-10', NULL, 0),
(1276, 177, 1, 850.00, '2023-10-11', NULL, 0),
(1277, 177, 1, 850.00, '2023-10-12', NULL, 0),
(1278, 178, 1, 450.00, '2023-10-13', NULL, 0),
(1279, 178, 1, 450.00, '2023-10-14', NULL, 0),
(1280, 178, 1, 450.00, '2023-10-15', NULL, 0),
(1281, 178, 1, 450.00, '2023-10-16', NULL, 0),
(1282, 178, 1, 450.00, '2023-10-17', NULL, 0),
(1283, 178, 1, 450.00, '2023-10-18', NULL, 0),
(1284, 178, 1, 450.00, '2023-10-19', NULL, 0),
(1285, 178, 1, 450.00, '2023-10-20', NULL, 0),
(1286, 178, 1, 350.00, '2023-10-21', NULL, 0),
(1287, 178, 1, 0.00, '2023-10-22', 'Jabeshi', 100),
(1288, 178, 1, 350.00, '2023-10-23', NULL, 0),
(1289, 178, 1, 350.00, '2023-10-24', NULL, 0),
(1290, 178, 1, 350.00, '2023-10-25', NULL, 0),
(1291, 178, 1, 350.00, '2023-10-26', NULL, 0),
(1292, 178, 1, 350.00, '2023-10-27', NULL, 0),
(1293, 178, 1, 350.00, '2023-10-28', NULL, 0),
(1294, 178, 1, 350.00, '2023-10-29', NULL, 0),
(1295, 178, 1, 450.00, '2023-10-30', NULL, 0),
(1296, 178, 1, 450.00, '2023-10-31', NULL, 0),
(1297, 178, 1, 450.00, '2023-11-01', NULL, 0),
(1298, 178, 1, 450.00, '2023-11-02', NULL, 0),
(1299, 178, 1, 300.00, '2023-11-03', NULL, 0),
(1300, 178, 1, 450.00, '2023-11-04', NULL, 0),
(1301, 178, 1, 450.00, '2023-11-05', NULL, 0),
(1302, 178, 1, 450.00, '2023-11-06', NULL, 0),
(1303, 178, 1, 450.00, '2023-11-07', NULL, 0),
(1304, 178, 2, 900.00, '2023-11-08', NULL, 0),
(1305, 178, 1, 450.00, '2023-11-09', NULL, 0),
(1306, 178, 1, 450.00, '2023-11-10', NULL, 0),
(1307, 178, 1, 450.00, '2023-11-11', NULL, 0),
(1308, 178, 1, 450.00, '2023-11-12', NULL, 0),
(1309, 178, 1, 450.00, '2023-11-13', NULL, 0),
(1310, 178, 1, 300.00, '2023-11-14', NULL, 0),
(1311, 178, 1, 350.00, '2023-11-15', NULL, 0),
(1312, 178, 1, 350.00, '2023-11-16', NULL, 0),
(1313, 178, 2, 250.00, '2023-11-17', NULL, 0),
(1314, 178, 1, 350.00, '2023-11-18', NULL, 0),
(1315, 178, 1, 350.00, '2023-11-19', NULL, 0),
(1316, 178, 1, 350.00, '2023-11-20', NULL, 0),
(1317, 178, 1, 350.00, '2023-11-21', NULL, 0),
(1318, 178, 1, 350.00, '2023-11-22', NULL, 0),
(1319, 178, 1, 350.00, '2023-11-23', NULL, 0),
(1320, 178, 1, 350.00, '2023-11-24', NULL, 0),
(1321, 178, 1, 350.00, '2023-11-25', NULL, 0),
(1322, 178, 1, 350.00, '2023-11-26', NULL, 0),
(1323, 178, 1, 350.00, '2023-11-27', NULL, 0),
(1324, 178, 1, 350.00, '2023-11-28', NULL, 0),
(1325, 178, 1, 350.00, '2023-11-29', NULL, 0),
(1326, 178, 1, 350.00, '2023-11-30', NULL, 0),
(1327, 178, 2, 6000.00, '2023-12-01', NULL, 0),
(1328, 178, 2, 6000.00, '2023-12-02', NULL, 0),
(1329, 178, 1, 350.00, '2023-12-03', NULL, 0),
(1330, 178, 1, 350.00, '2023-12-04', NULL, 0),
(1331, 178, 1, 350.00, '2023-12-05', NULL, 0),
(1332, 178, 1, 350.00, '2023-12-06', NULL, 0),
(1333, 178, 1, 350.00, '2023-12-07', NULL, 0),
(1334, 178, 1, 350.00, '2023-12-08', NULL, 0),
(1335, 178, 1, 350.00, '2023-12-09', NULL, 0),
(1336, 178, 1, 350.00, '2023-12-10', NULL, 0),
(1337, 178, 1, 350.00, '2023-12-11', NULL, 0),
(1338, 178, 1, 350.00, '2023-12-12', NULL, 0),
(1339, 178, 1, 350.00, '2023-12-13', NULL, 0),
(1340, 178, 1, 350.00, '2023-12-14', NULL, 0),
(1341, 178, 1, 350.00, '2023-12-15', NULL, 0),
(1342, 178, 1, 350.00, '2023-12-16', NULL, 0),
(1343, 178, 1, 350.00, '2023-12-17', NULL, 0),
(1344, 178, 1, 350.00, '2023-12-18', NULL, 0),
(1345, 178, 1, 350.00, '2023-12-19', NULL, 0),
(1346, 178, 1, 350.00, '2023-12-20', NULL, 0),
(1347, 178, 1, 350.00, '2023-12-21', NULL, 0),
(1348, 178, 1, 350.00, '2023-12-22', NULL, 0),
(1349, 178, 1, 350.00, '2023-12-23', NULL, 0),
(1350, 178, 1, 350.00, '2023-12-24', NULL, 0),
(1351, 178, 1, 350.00, '2023-12-25', NULL, 0),
(1352, 178, 1, 350.00, '2023-12-26', NULL, 0),
(1353, 178, 1, 350.00, '2023-12-27', NULL, 0),
(1354, 178, 1, 700.00, '2023-12-28', NULL, 0),
(1355, 178, 2, 700.00, '2023-12-29', NULL, 0);
INSERT INTO `sales_details` (`sales_id`, `product_id`, `quantity`, `subtotal`, `sales_date`, `name`, `discount_percent`) VALUES
(1356, 178, 1, 350.00, '2023-12-30', NULL, 0),
(1357, 178, 1, 350.00, '2023-12-31', NULL, 0),
(1358, 180, 1, 350.00, '2023-01-01', NULL, 0),
(1359, 180, 1, 450.00, '2023-01-02', NULL, 0),
(1360, 180, 1, 450.00, '2023-01-03', NULL, 0),
(1361, 180, 2, 850.00, '2023-01-04', NULL, 0),
(1362, 180, 1, 450.00, '2023-01-05', NULL, 0),
(1363, 180, 1, 450.00, '2023-01-06', NULL, 0),
(1364, 181, 1, 450.00, '2023-01-07', NULL, 0),
(1365, 181, 1, 450.00, '2023-01-08', NULL, 0),
(1366, 181, 1, 450.00, '2023-01-09', NULL, 0),
(1367, 181, 0, 450.00, '2023-01-10', NULL, 0),
(1368, 182, 1, 1600.00, '2023-01-11', NULL, 0),
(1369, 182, 1, 1600.00, '2023-01-12', NULL, 0),
(1370, 182, 1, 1600.00, '2023-01-13', NULL, 0),
(1371, 182, 1, 1600.00, '2023-01-14', NULL, 0),
(1372, 182, 1, 1600.00, '2023-01-15', NULL, 0),
(1373, 182, 1, 1600.00, '2023-01-16', NULL, 0),
(1374, 182, 1, 1600.00, '2023-01-17', NULL, 0),
(1375, 182, 1, 1600.00, '2023-01-18', NULL, 0),
(1376, 182, 1, 1600.00, '2023-01-19', NULL, 0),
(1377, 182, 1, 1600.00, '2023-01-20', NULL, 0),
(1378, 182, 1, 1600.00, '2023-01-21', NULL, 0),
(1379, 182, 1, 1600.00, '2023-01-22', NULL, 0),
(1380, 182, 1, 1600.00, '2023-01-23', NULL, 0),
(1381, 182, 1, 1600.00, '2023-01-24', NULL, 0),
(1382, 182, 1, 1600.00, '2023-01-25', NULL, 0),
(1383, 182, 1, 1600.00, '2023-01-26', NULL, 0),
(1384, 182, 1, 1600.00, '2023-01-27', NULL, 0),
(1385, 182, 1, 1600.00, '2023-01-28', NULL, 0),
(1386, 182, 1, 1600.00, '2023-01-29', NULL, 0),
(1387, 182, 1, 1600.00, '2023-01-30', NULL, 0),
(1388, 184, 4, 700.00, '2023-01-31', NULL, 0),
(1389, 184, 4, 700.00, '2023-02-01', NULL, 0),
(1390, 185, 1, 350.00, '2023-02-02', NULL, 0),
(1391, 185, 1, 0.00, '2023-02-03', NULL, 100),
(1392, 185, 2, 0.00, '2023-02-04', NULL, 100),
(1393, 185, 1, 350.00, '2023-02-05', NULL, 0),
(1394, 186, 1, 600.00, '2023-02-06', NULL, 0),
(1395, 186, 1, 600.00, '2023-02-07', NULL, 0),
(1396, 186, 1, 600.00, '2023-02-08', NULL, 0),
(1397, 186, 1, 400.00, '2023-02-09', NULL, 0),
(1398, 186, 1, 600.00, '2023-02-10', NULL, 0),
(1399, 186, 1, 600.00, '2023-02-11', NULL, 0),
(1400, 187, 1, 600.00, '2023-02-12', NULL, 0),
(1401, 187, 1, 600.00, '2023-02-13', NULL, 0),
(1402, 187, 1, 600.00, '2023-02-14', NULL, 0),
(1403, 187, 2, 0.00, '2023-02-15', NULL, 100),
(1404, 187, 1, 600.00, '2023-02-16', NULL, 0),
(1405, 187, 1, 600.00, '2023-02-17', NULL, 0),
(1406, 187, 1, 600.00, '2023-02-18', NULL, 0),
(1407, 187, 1, 600.00, '2023-02-19', NULL, 0),
(1408, 187, 1, 600.00, '2023-02-20', NULL, 0),
(1409, 188, 1, 600.00, '2023-02-21', NULL, 0),
(1410, 188, 1, 600.00, '2023-02-22', NULL, 0),
(1411, 188, 1, 600.00, '2023-02-23', NULL, 0),
(1412, 188, 1, 600.00, '2023-02-24', NULL, 0),
(1413, 188, 1, 600.00, '2023-02-25', NULL, 0),
(1414, 188, 1, 600.00, '2023-02-26', NULL, 0),
(1415, 188, 1, 600.00, '2023-02-27', NULL, 0),
(1416, 188, 1, 600.00, '2023-02-28', NULL, 0),
(1417, 188, 1, 600.00, '2023-03-01', NULL, 0),
(1418, 188, 1, 450.00, '2023-03-02', NULL, 0),
(1419, 188, 1, 600.00, '2023-03-03', NULL, 0),
(1420, 188, 2, 1200.00, '2023-03-04', NULL, 0),
(1421, 188, 1, 600.00, '2023-03-05', NULL, 0),
(1422, 188, 2, 0.00, '2023-03-06', NULL, 100),
(1423, 188, 1, 600.00, '2023-03-07', NULL, 0),
(1424, 188, 1, 600.00, '2023-03-08', NULL, 0),
(1425, 188, 1, 600.00, '2023-03-09', NULL, 0),
(1426, 188, 1, 600.00, '2023-03-10', NULL, 0),
(1427, 188, 1, 600.00, '2023-03-11', NULL, 0),
(1428, 188, 1, 600.00, '2023-03-12', NULL, 0),
(1429, 188, 1, 600.00, '2023-03-13', NULL, 0),
(1430, 188, 1, 500.00, '2023-03-14', NULL, 0),
(1431, 188, 1, 600.00, '2023-03-15', NULL, 0),
(1432, 188, 1, 600.00, '2023-03-16', NULL, 0),
(1433, 188, 1, 800.00, '2023-03-17', NULL, 0),
(1434, 188, 1, 600.00, '2023-03-18', NULL, 0),
(1435, 188, 1, 800.00, '2023-03-19', NULL, 0),
(1436, 188, 1, 459.00, '2023-03-20', NULL, 0),
(1437, 188, 1, 459.00, '2023-03-21', NULL, 0),
(1438, 188, 1, 510.00, '2023-03-22', NULL, 0),
(1439, 188, 1, 510.00, '2023-03-23', NULL, 0),
(1440, 188, 1, 350.00, '2023-03-24', NULL, 0),
(1441, 188, 1, 350.00, '2023-03-25', NULL, 0),
(1442, 188, 1, 600.00, '2023-03-26', NULL, 0),
(1443, 188, 1, 600.00, '2023-03-27', NULL, 0),
(1444, 188, 1, 600.00, '2023-03-28', NULL, 0),
(1445, 188, 1, 1200.00, '2023-03-29', NULL, 0),
(1446, 188, 1, 1200.00, '2023-03-30', NULL, 0),
(1447, 188, 2, 600.00, '2023-03-31', NULL, 0),
(1448, 188, 1, 600.00, '2023-04-01', NULL, 0),
(1449, 191, 1, 770.00, '2023-04-02', NULL, 0),
(1450, 192, 1, 250.00, '2023-04-03', NULL, 0),
(1451, 195, 1, 0.00, '2023-04-04', NULL, 100),
(1452, 195, 1, 750.00, '2023-04-05', NULL, 0),
(1453, 195, 1, 950.00, '2023-04-06', NULL, 0),
(1454, 195, 1, 750.00, '2023-04-07', NULL, 0),
(1455, 195, 1, 750.00, '2023-04-08', NULL, 0),
(1456, 195, 1, 750.00, '2023-04-09', NULL, 0),
(1457, 195, 1, 750.00, '2023-04-10', NULL, 0),
(1458, 195, 1, 750.00, '2023-04-11', NULL, 0),
(1459, 195, 1, 750.00, '2023-04-12', NULL, 0),
(1460, 196, 1, 300.00, '2023-04-13', NULL, 0),
(1461, 196, 1, 300.00, '2023-04-14', NULL, 0),
(1462, 196, 1, 300.00, '2023-04-15', NULL, 0),
(1463, 196, 1, 300.00, '2023-04-16', NULL, 0),
(1464, 196, 1, 300.00, '2023-04-17', NULL, 0),
(1465, 196, 1, 550.00, '2023-04-18', NULL, 0),
(1466, 197, 1, 1500.00, '2023-04-19', NULL, 0),
(1467, 197, 2, 3000.00, '2023-04-20', NULL, 0),
(1468, 197, 1, 1500.00, '2023-04-21', NULL, 0),
(1469, 197, 1, 1500.00, '2023-04-22', NULL, 0),
(1470, 197, 1, 1500.00, '2023-04-23', NULL, 0),
(1471, 198, 1, 250.00, '2023-04-24', NULL, 0),
(1472, 198, 1, 250.00, '2023-04-25', NULL, 0),
(1473, 198, 1, 250.00, '2023-04-26', NULL, 0),
(1474, 198, 1, 550.00, '2023-04-27', NULL, 0),
(1475, 198, 1, 550.00, '2023-04-28', NULL, 0),
(1476, 198, 1, 550.00, '2023-04-29', NULL, 0),
(1477, 198, 1, 550.00, '2023-04-30', NULL, 0),
(1478, 202, 1, 0.00, '2023-05-01', NULL, 100),
(1479, 203, 1, 455.00, '2023-05-02', NULL, 0),
(1480, 204, 1, 2350.00, '2023-05-03', NULL, 0),
(1481, 205, 1, 2685.00, '2023-05-04', NULL, 0),
(1482, 205, 1, 2685.00, '2023-05-05', NULL, 0),
(1483, 205, 1, 2685.00, '2023-05-06', NULL, 0),
(1484, 205, 1, 2685.00, '2023-05-07', NULL, 0),
(1485, 205, 1, 2685.00, '2023-05-08', NULL, 0),
(1486, 205, 1, 2685.00, '2023-05-09', NULL, 0),
(1487, 205, 1, 450.00, '2023-05-10', NULL, 0),
(1488, 205, 1, 0.00, '2023-05-11', NULL, 100),
(1489, 205, 1, 2416.00, '2023-05-12', NULL, 0),
(1490, 205, 1, 2685.00, '2023-05-13', NULL, 0),
(1491, 205, 1, 800.00, '2023-05-14', NULL, 0),
(1492, 205, 1, 2685.00, '2023-05-15', NULL, 0),
(1493, 205, 1, 2685.00, '2023-05-16', NULL, 0),
(1494, 205, 1, 2685.00, '2023-05-17', NULL, 0),
(1495, 205, 1, 0.00, '2023-05-18', NULL, 100),
(1496, 205, 1, 2685.00, '2023-05-19', NULL, 0),
(1497, 205, 1, 2685.00, '2023-05-20', NULL, 0),
(1498, 205, 2, 5370.00, '2023-05-21', NULL, 0),
(1499, 205, 1, 2685.00, '2023-05-22', NULL, 0),
(1500, 205, 1, 2685.00, '2023-05-23', NULL, 0),
(1501, 205, 1, 2685.00, '2023-05-24', NULL, 0),
(1502, 205, 1, 2685.00, '2023-05-25', NULL, 0),
(1503, 205, 1, 2685.00, '2023-05-26', NULL, 0),
(1504, 205, 1, 2685.00, '2023-05-27', NULL, 0),
(1505, 205, 1, 2685.00, '2023-05-28', NULL, 0),
(1506, 205, 1, 2685.00, '2023-05-29', NULL, 0),
(1507, 205, 1, 2685.00, '2023-05-30', NULL, 0),
(1508, 205, 1, 2485.00, '2023-05-31', NULL, 0),
(1509, 205, 2, 5370.00, '2023-06-01', NULL, 0),
(1510, 205, 1, 2685.00, '2023-06-02', NULL, 0),
(1511, 205, 2, 5370.00, '2023-06-03', NULL, 0),
(1512, 205, 1, 2685.00, '2023-06-04', NULL, 0),
(1513, 205, 1, 2685.00, '2023-06-05', NULL, 0),
(1514, 205, 1, 2685.00, '2023-06-06', NULL, 0),
(1515, 205, 1, 2685.00, '2023-06-07', NULL, 0),
(1516, 205, 1, 2685.00, '2023-06-08', NULL, 0),
(1517, 205, 1, 2685.00, '2023-06-09', NULL, 0),
(1518, 205, 1, 2685.00, '2023-06-10', NULL, 0),
(1519, 205, 1, 2685.00, '2023-06-11', NULL, 0),
(1520, 205, 1, 2685.00, '2023-06-12', NULL, 0),
(1521, 205, 1, 2685.00, '2023-06-13', NULL, 0),
(1522, 205, 1, 2685.00, '2023-06-14', NULL, 0),
(1523, 205, 1, 2685.00, '2023-06-15', NULL, 0),
(1524, 205, 1, 2685.00, '2023-06-16', NULL, 0),
(1525, 205, 1, 2685.00, '2023-06-17', NULL, 0),
(1526, 205, 1, 2685.00, '2023-06-18', NULL, 0),
(1527, 205, 1, 2685.00, '2023-06-19', NULL, 0),
(1528, 205, 1, 2685.00, '2023-06-20', NULL, 0),
(1529, 205, 1, 2685.00, '2023-06-21', NULL, 0),
(1530, 205, 1, 2685.00, '2023-06-22', NULL, 0),
(1531, 205, 1, 2685.00, '2023-06-23', NULL, 0),
(1532, 205, 1, 2685.00, '2023-06-24', NULL, 0),
(1533, 205, 1, 2685.00, '2023-06-25', NULL, 0),
(1534, 205, 1, 2685.00, '2023-06-26', NULL, 0),
(1535, 205, 1, 2685.00, '2023-06-27', NULL, 0),
(1536, 205, 1, 2685.00, '2023-06-28', NULL, 0),
(1537, 205, 1, 2685.00, '2023-06-29', NULL, 0),
(1538, 205, 1, 2685.00, '2023-06-30', NULL, 0),
(1539, 205, 1, 2685.00, '2023-07-01', NULL, 0),
(1540, 205, 1, 2685.00, '2023-07-02', NULL, 0),
(1541, 205, 1, 2685.00, '2023-07-03', NULL, 0),
(1542, 205, 1, 2685.00, '2023-07-04', NULL, 0),
(1543, 205, 1, 2685.00, '2023-07-05', NULL, 0),
(1544, 205, 1, 2685.00, '2023-07-06', NULL, 0),
(1545, 205, 1, 2685.00, '2023-07-07', NULL, 0),
(1546, 205, 1, 2685.00, '2023-07-08', NULL, 0),
(1547, 205, 1, 2685.00, '2023-07-09', NULL, 0),
(1548, 205, 1, 2685.00, '2023-07-10', NULL, 0),
(1549, 205, 1, 2685.00, '2023-07-11', NULL, 0),
(1550, 205, 1, 2685.00, '2023-07-12', NULL, 0),
(1551, 205, 1, 2685.00, '2023-07-13', NULL, 0),
(1552, 205, 1, 2685.00, '2023-07-14', NULL, 0),
(1553, 205, 1, 2685.00, '2023-07-15', NULL, 0),
(1554, 205, 1, 2685.00, '2023-07-16', NULL, 0),
(1555, 205, 2, 5370.00, '2023-07-17', NULL, 0),
(1556, 205, 2, 5370.00, '2023-07-18', NULL, 0),
(1557, 205, 1, 2685.00, '2023-07-19', NULL, 0),
(1558, 205, 1, 2685.00, '2023-07-20', NULL, 0),
(1559, 205, 1, 2685.00, '2023-07-21', NULL, 0),
(1560, 205, 1, 2685.00, '2023-07-22', NULL, 0),
(1561, 205, 1, 2685.00, '2023-07-23', NULL, 0),
(1562, 205, 1, 2685.00, '2023-07-24', NULL, 0),
(1563, 205, 1, 2685.00, '2023-07-25', NULL, 0),
(1564, 205, 1, 2685.00, '2023-07-26', NULL, 0),
(1565, 205, 1, 2685.00, '2023-07-27', NULL, 0),
(1566, 205, 1, 2685.00, '2023-07-28', NULL, 0),
(1567, 205, 1, 2685.00, '2023-07-29', NULL, 0),
(1568, 209, 1, 680.00, '2023-07-30', NULL, 0),
(1569, 209, 1, 680.00, '2023-07-31', NULL, 0),
(1570, 209, 1, 680.00, '2023-08-01', NULL, 0),
(1571, 209, 1, 680.00, '2023-08-02', NULL, 0),
(1572, 209, 1, 680.00, '2023-08-03', NULL, 0),
(1573, 210, 120, 1280.00, '2023-08-04', NULL, 0),
(1574, 210, 60, 680.00, '2023-08-05', NULL, 0),
(1575, 210, 12, 1280.00, '2023-08-06', NULL, 0),
(1576, 210, 12, 1280.00, '2023-08-07', NULL, 0),
(1577, 210, 12, 1280.00, '2023-08-08', NULL, 0),
(1578, 210, 1, 1280.00, '2023-08-09', NULL, 0),
(1579, 210, 1, 1280.00, '2023-08-10', NULL, 0),
(1580, 210, 1, 1280.00, '2023-08-11', NULL, 0),
(1581, 210, 1, 1280.00, '2023-08-12', NULL, 0),
(1582, 210, 1, 0.00, '2023-08-13', NULL, 100),
(1583, 210, 2, 1360.00, '2023-08-14', NULL, 0),
(1584, 210, 1, 1280.00, '2023-08-15', NULL, 0),
(1585, 210, 1, 1280.00, '2023-08-16', NULL, 0),
(1586, 210, 1, 1280.00, '2023-08-17', NULL, 0),
(1587, 210, 1, 1280.00, '2023-08-18', NULL, 0),
(1588, 210, 1, 1280.00, '2023-08-19', NULL, 0),
(1589, 210, 1, 1280.00, '2023-08-20', NULL, 0),
(1590, 210, 1, 1280.00, '2023-08-21', NULL, 0),
(1591, 210, 1, 1280.00, '2023-08-22', NULL, 0),
(1592, 210, 1, 1280.00, '2023-08-23', NULL, 0),
(1593, 210, 1, 1280.00, '2023-08-24', NULL, 0),
(1594, 210, 1, 1280.00, '2023-08-25', NULL, 0),
(1595, 210, 1, 1280.00, '2023-08-26', NULL, 0),
(1596, 210, 4, 4050.00, '2023-08-27', NULL, 0),
(1597, 210, 1, 1280.00, '2023-08-28', NULL, 0),
(1598, 210, 1, 1280.00, '2023-08-29', NULL, 0),
(1599, 211, 1, 650.00, '2023-08-30', NULL, 0),
(1600, 211, 1, 650.00, '2023-08-31', NULL, 0),
(1601, 211, 1, 650.00, '2023-09-01', NULL, 0),
(1602, 211, 1, 650.00, '2023-09-02', NULL, 0),
(1603, 211, 1, 650.00, '2023-09-03', NULL, 0),
(1604, 211, 1, 650.00, '2023-09-04', NULL, 0),
(1605, 211, 2, 1300.00, '2023-09-05', NULL, 0),
(1606, 211, 1, 0.00, '2023-09-06', NULL, 100),
(1607, 211, 1, 650.00, '2023-09-07', NULL, 0),
(1608, 211, 1, 650.00, '2023-09-08', NULL, 0),
(1609, 211, 1, 650.00, '2023-09-09', NULL, 0),
(1610, 211, 6, 0.00, '2023-09-10', NULL, 100),
(1611, 212, 1, 1300.00, '2023-09-11', NULL, 0),
(1612, 213, 1, 1300.00, '2023-09-12', NULL, 0),
(1613, 214, 1, 500.00, '2023-09-13', NULL, 0),
(1614, 214, 1, 500.00, '2023-09-14', NULL, 0),
(1615, 214, 1, 500.00, '2023-09-15', NULL, 0),
(1616, 214, 1, 500.00, '2023-09-16', NULL, 0),
(1617, 214, 2, 2000.00, '2023-09-17', NULL, 0),
(1618, 214, 2, 2000.00, '2023-09-18', NULL, 0),
(1619, 215, 1, 330.00, '2023-09-19', NULL, 0),
(1620, 215, 1, 330.00, '2023-09-20', NULL, 0),
(1621, 215, 1, 330.00, '2023-09-21', NULL, 0),
(1622, 215, 1, 330.00, '2023-09-22', NULL, 0),
(1623, 215, 1, 330.00, '2023-09-23', NULL, 0),
(1624, 215, 1, 330.00, '2023-09-24', NULL, 0),
(1625, 215, 1, 330.00, '2023-09-25', NULL, 0),
(1626, 215, 1, 330.00, '2023-09-26', NULL, 0),
(1627, 215, 1, 330.00, '2023-09-27', NULL, 0),
(1628, 215, 1, 330.00, '2023-09-28', NULL, 0),
(1629, 215, 1, 330.00, '2023-09-29', NULL, 0),
(1630, 215, 1, 330.00, '2023-09-30', NULL, 0),
(1631, 216, 1, 800.00, '2023-10-01', NULL, 0),
(1632, 216, 1, 800.00, '2023-10-02', NULL, 0),
(1633, 216, 1, 800.00, '2023-10-03', NULL, 0),
(1634, 216, 1, 800.00, '2023-10-04', NULL, 0),
(1635, 216, 1, 800.00, '2023-10-05', NULL, 0),
(1636, 216, 1, 800.00, '2023-10-06', NULL, 0),
(1637, 216, 1, 800.00, '2023-10-07', NULL, 0),
(1638, 217, 1, 700.00, '2023-10-08', NULL, 0),
(1639, 219, 1, 1800.00, '2023-10-09', NULL, 0),
(1640, 219, 1, 1800.00, '2023-10-10', NULL, 0),
(1641, 220, 1, 500.00, '2023-10-11', NULL, 0),
(1642, 220, 1, 500.00, '2023-10-12', NULL, 0),
(1643, 220, 2, 1000.00, '2023-10-13', NULL, 0),
(1644, 220, 1, 500.00, '2023-10-14', NULL, 0),
(1645, 220, 1, 1000.00, '2023-10-15', NULL, 0),
(1646, 220, 1, 500.00, '2023-10-16', NULL, 0),
(1647, 220, 1, 500.00, '2023-10-17', NULL, 0),
(1648, 220, 1, 500.00, '2023-10-18', NULL, 0),
(1649, 220, 6, 3000.00, '2023-10-19', NULL, 0),
(1650, 220, 1, 500.00, '2023-10-20', NULL, 0),
(1651, 220, 2, 1000.00, '2023-10-21', NULL, 0),
(1652, 220, 1, 500.00, '2023-10-22', NULL, 0),
(1653, 220, 1, 500.00, '2023-10-23', NULL, 0),
(1654, 222, 1, 0.00, '2023-10-24', NULL, 100),
(1655, 222, 1, 300.00, '2023-10-25', NULL, 0),
(1656, 222, 1, 300.00, '2023-10-26', NULL, 0),
(1657, 222, 1, 300.00, '2023-10-27', NULL, 0),
(1658, 222, 1, 300.00, '2023-10-28', NULL, 0),
(1659, 223, 1, 0.00, '2023-10-29', NULL, 100),
(1660, 223, 1, 220.00, '2023-10-30', NULL, 0),
(1661, 224, 2, 1200.00, '2023-10-31', NULL, 0),
(1662, 225, 1, 300.00, '2023-11-01', NULL, 0),
(1663, 225, 1, 300.00, '2023-11-02', NULL, 0),
(1664, 225, 1, 300.00, '2023-11-03', NULL, 0),
(1665, 225, 1, 700.00, '2023-11-04', NULL, 0),
(1666, 225, 1, 350.00, '2023-11-05', NULL, 0),
(1667, 225, 1, 300.00, '2023-11-06', NULL, 0),
(1668, 225, 3, 0.00, '2023-11-07', NULL, 100),
(1669, 225, 1, 300.00, '2023-11-08', NULL, 0),
(1670, 225, 1, 300.00, '2023-11-09', NULL, 0),
(1671, 225, 1, 300.00, '2023-11-10', NULL, 0),
(1672, 225, 1, 300.00, '2023-11-11', NULL, 0),
(1673, 225, 1, 300.00, '2023-11-12', NULL, 0),
(1674, 225, 1, 300.00, '2023-11-13', NULL, 0),
(1675, 225, 1, 300.00, '2023-11-14', NULL, 0),
(1676, 225, 1, 300.00, '2023-11-15', NULL, 0),
(1677, 225, 2, 300.00, '2023-11-16', NULL, 0),
(1678, 225, 1, 300.00, '2023-11-17', NULL, 0),
(1679, 225, 1, 300.00, '2023-11-18', NULL, 0),
(1680, 225, 1, 300.00, '2023-11-19', NULL, 0),
(1681, 225, 1, 300.00, '2023-11-20', NULL, 0),
(1682, 225, 1, 300.00, '2023-11-21', NULL, 0),
(1683, 225, 1, 300.00, '2023-11-22', NULL, 0),
(1684, 225, 1, 300.00, '2023-11-23', NULL, 0),
(1685, 225, 1, 300.00, '2023-11-24', NULL, 0),
(1686, 225, 5, 350.00, '2023-11-25', NULL, 0),
(1687, 225, 1, 0.00, '2023-11-26', NULL, 100),
(1688, 225, 1, 300.00, '2023-11-27', NULL, 0),
(1689, 225, 1, 300.00, '2023-11-28', NULL, 0),
(1690, 225, 1, 300.00, '2023-11-29', NULL, 0),
(1691, 225, 1, 300.00, '2023-11-30', NULL, 0),
(1692, 225, 1, 300.00, '2023-12-01', NULL, 0),
(1693, 225, 1, 300.00, '2023-12-02', NULL, 0),
(1694, 225, 1, 300.00, '2023-12-03', NULL, 0),
(1695, 225, 1, 300.00, '2023-12-04', NULL, 0),
(1696, 225, 1, 300.00, '2023-12-05', NULL, 0),
(1697, 225, 2, 3000.00, '2023-12-06', NULL, 0),
(1698, 225, 2, 300.00, '2023-12-07', NULL, 0),
(1699, 225, 2, 1200.00, '2023-12-08', NULL, 0),
(1700, 225, 2, 1200.00, '2023-12-09', NULL, 0),
(1701, 225, 4, 1800.00, '2023-12-10', NULL, 0),
(1702, 225, 4, 1800.00, '2023-12-11', NULL, 0),
(1703, 225, 1, 300.00, '2023-12-12', NULL, 0),
(1704, 225, 1, 300.00, '2023-12-13', NULL, 0),
(1705, 225, 2, 300.00, '2023-12-14', NULL, 0),
(1706, 225, 1, 300.00, '2023-12-15', NULL, 0),
(1707, 225, 2, 300.00, '2023-12-16', NULL, 0),
(1708, 225, 1, 300.00, '2023-12-17', NULL, 0),
(1709, 225, 1, 300.00, '2023-12-18', NULL, 0),
(1710, 225, 1, 300.00, '2023-12-19', NULL, 0),
(1711, 225, 1, 300.00, '2023-12-20', NULL, 0),
(1712, 225, 1, 300.00, '2023-12-21', NULL, 0),
(1713, 225, 2, 300.00, '2023-12-22', NULL, 0),
(1714, 225, 2, 300.00, '2023-12-23', NULL, 0),
(1715, 225, 1, 300.00, '2023-12-24', NULL, 0),
(1716, 225, 1, 300.00, '2023-12-25', NULL, 0),
(1717, 225, 1, 300.00, '2023-12-26', NULL, 0),
(1718, 225, 1, 300.00, '2023-12-27', NULL, 0),
(1719, 225, 1, 300.00, '2023-12-28', NULL, 0),
(1720, 225, 1, 300.00, '2023-12-29', NULL, 0),
(1721, 226, 1, 800.00, '2023-12-30', NULL, 0),
(1722, 226, 1, 800.00, '2023-12-31', NULL, 0),
(1723, 226, 1, 800.00, '2023-01-01', NULL, 0),
(1724, 226, 1, 800.00, '2023-01-02', NULL, 0),
(1725, 226, 1, 800.00, '2023-01-03', NULL, 0),
(1726, 226, 2, 1600.00, '2023-01-04', NULL, 0),
(1727, 226, 1, 800.00, '2023-01-05', NULL, 0),
(1728, 226, 1, 800.00, '2023-01-06', NULL, 0),
(1729, 226, 1, 800.00, '2023-01-07', NULL, 0),
(1730, 226, 1, 800.00, '2023-01-08', NULL, 0),
(1731, 226, 1, 800.00, '2023-01-09', NULL, 0),
(1732, 226, 1, 800.00, '2023-01-10', NULL, 0),
(1733, 226, 1, 800.00, '2023-01-11', NULL, 0),
(1734, 226, 1, 800.00, '2023-01-12', NULL, 0),
(1735, 226, 1, 800.00, '2023-01-13', NULL, 0),
(1736, 226, 1, 800.00, '2023-01-14', NULL, 0),
(1737, 226, 1, 800.00, '2023-01-15', NULL, 0),
(1738, 226, 1, 800.00, '2023-01-16', NULL, 0),
(1739, 226, 1, 800.00, '2023-01-17', NULL, 0),
(1740, 226, 2, 0.00, '2023-01-18', NULL, 100),
(1741, 226, 1, 0.00, '2023-01-19', NULL, 100),
(1742, 226, 1, 800.00, '2023-01-20', NULL, 0),
(1743, 226, 1, 800.00, '2023-01-21', NULL, 0),
(1744, 227, 1, 950.00, '2023-01-22', NULL, 0),
(1745, 227, 1, 500.00, '2023-01-23', NULL, 0),
(1746, 227, 1, 1600.00, '2023-01-24', NULL, 0),
(1747, 227, 1, 950.00, '2023-01-25', NULL, 0),
(1748, 227, 1, 950.00, '2023-01-26', NULL, 0),
(1749, 227, 1, 250.00, '2023-01-27', NULL, 0),
(1750, 227, 6, 950.00, '2023-01-28', NULL, 0),
(1751, 228, 3, 750.00, '2023-01-29', NULL, 0),
(1752, 228, 1, 250.00, '2023-01-30', NULL, 0),
(1753, 228, 1, 250.00, '2023-01-31', NULL, 0),
(1754, 228, 1, 250.00, '2023-02-01', NULL, 0),
(1755, 229, 7, 0.00, '2023-02-02', NULL, 100),
(1756, 229, 1, 49.00, '2023-02-03', NULL, 0),
(1757, 229, 1, 49.00, '2023-02-04', NULL, 0),
(1758, 229, 1, 49.00, '2023-02-05', NULL, 0),
(1759, 229, 1, 49.00, '2023-02-06', NULL, 0),
(1760, 233, 1, 4300.00, '2023-02-07', NULL, 0),
(1761, 238, 1, 450.00, '2023-02-08', NULL, 0),
(1762, 238, 1, 450.00, '2023-02-09', NULL, 0),
(1763, 239, 1, 450.00, '2023-02-10', NULL, 0),
(1764, 239, 2, 900.00, '2023-02-11', NULL, 0),
(1765, 239, 2, 900.00, '2023-02-12', NULL, 0),
(1766, 239, 1, 450.00, '2023-02-13', NULL, 0),
(1767, 239, 1, 450.00, '2023-02-14', NULL, 0),
(1768, 239, 1, 450.00, '2023-02-15', NULL, 0),
(1769, 239, 2, 900.00, '2023-02-16', NULL, 0),
(1770, 239, 1, 450.00, '2023-02-17', NULL, 0),
(1771, 239, 1, 450.00, '2023-02-18', NULL, 0),
(1772, 239, 1, 680.00, '2023-02-19', NULL, 0),
(1773, 239, 1, 450.00, '2023-02-20', NULL, 0),
(1774, 239, 1, 450.00, '2023-02-21', NULL, 0),
(1775, 239, 1, 450.00, '2023-02-22', NULL, 0),
(1776, 239, 1, 450.00, '2023-02-23', NULL, 0),
(1777, 239, 1, 450.00, '2023-02-24', NULL, 0),
(1778, 239, 1, 450.00, '2023-02-25', NULL, 0),
(1779, 239, 1, 450.00, '2023-02-26', NULL, 0),
(1780, 239, 1, 450.00, '2023-02-27', NULL, 0),
(1781, 241, 1, 0.00, '2023-02-28', NULL, 100),
(1782, 241, 1, 1100.00, '2023-03-01', NULL, 0),
(1783, 242, 1, 0.00, '2023-03-02', NULL, 100);

-- --------------------------------------------------------

--
-- Table structure for table `services`
--

CREATE TABLE `services` (
  `service_id` int(11) NOT NULL,
  `service_name` varchar(255) NOT NULL,
  `service_category_id` int(11) DEFAULT NULL
) ENGINE=InnoDB DEFAULT CHARSET=utf8mb4 COLLATE=utf8mb4_general_ci;

--
-- Dumping data for table `services`
--

INSERT INTO `services` (`service_id`, `service_name`, `service_category_id`) VALUES
(7, 'Acne Facials', 4);

-- --------------------------------------------------------

--
-- Table structure for table `services_category`
--

CREATE TABLE `services_category` (
  `service_category_id` int(11) NOT NULL,
  `service_category_name` varchar(255) NOT NULL
) ENGINE=InnoDB DEFAULT CHARSET=utf8mb4 COLLATE=utf8mb4_general_ci;

--
-- Dumping data for table `services_category`
--

INSERT INTO `services_category` (`service_category_id`, `service_category_name`) VALUES
(4, 'Facial Services'),
(5, 'Acne Treatment');

-- --------------------------------------------------------

--
-- Table structure for table `users`
--

CREATE TABLE `users` (
  `user_id` int(11) NOT NULL,
  `username` varchar(50) NOT NULL,
  `full_name` varchar(100) NOT NULL,
  `user_type` enum('admin','doctor') NOT NULL,
  `password` varchar(255) NOT NULL
) ENGINE=InnoDB DEFAULT CHARSET=utf8mb4 COLLATE=utf8mb4_general_ci;

--
-- Indexes for dumped tables
--

--
-- Indexes for table `categories`
--
ALTER TABLE `categories`
  ADD PRIMARY KEY (`category_id`);

--
-- Indexes for table `cosmetics_prescriptions`
--
ALTER TABLE `cosmetics_prescriptions`
  ADD PRIMARY KEY (`cos_pres_id`),
  ADD KEY `patient_id` (`patient_id`);

--
-- Indexes for table `medical_certificates`
--
ALTER TABLE `medical_certificates`
  ADD PRIMARY KEY (`certificate_id`),
  ADD KEY `patient_id` (`patient_id`);

--
-- Indexes for table `medical_prescriptions`
--
ALTER TABLE `medical_prescriptions`
  ADD PRIMARY KEY (`med_pres_id`),
  ADD KEY `patient_id` (`patient_id`);

--
-- Indexes for table `patients`
--
ALTER TABLE `patients`
  ADD PRIMARY KEY (`patient_id`);

--
-- Indexes for table `patient_records`
--
ALTER TABLE `patient_records`
  ADD PRIMARY KEY (`record_id`),
  ADD KEY `patient_id` (`patient_id`),
  ADD KEY `services_id` (`service_id`);

--
-- Indexes for table `products`
--
ALTER TABLE `products`
  ADD PRIMARY KEY (`id`),
  ADD KEY `category_id` (`category_id`);

--
-- Indexes for table `sales_details`
--
ALTER TABLE `sales_details`
  ADD PRIMARY KEY (`sales_id`),
  ADD KEY `sales_id` (`sales_id`),
  ADD KEY `product_id` (`product_id`);

--
-- Indexes for table `services`
--
ALTER TABLE `services`
  ADD PRIMARY KEY (`service_id`),
  ADD KEY `service_category_id` (`service_category_id`);

--
-- Indexes for table `services_category`
--
ALTER TABLE `services_category`
  ADD PRIMARY KEY (`service_category_id`);

--
-- Indexes for table `users`
--
ALTER TABLE `users`
  ADD PRIMARY KEY (`user_id`),
  ADD UNIQUE KEY `username` (`username`);

--
-- AUTO_INCREMENT for dumped tables
--

--
-- AUTO_INCREMENT for table `categories`
--
ALTER TABLE `categories`
  MODIFY `category_id` int(10) UNSIGNED NOT NULL AUTO_INCREMENT, AUTO_INCREMENT=21;

--
-- AUTO_INCREMENT for table `cosmetics_prescriptions`
--
ALTER TABLE `cosmetics_prescriptions`
  MODIFY `cos_pres_id` int(11) NOT NULL AUTO_INCREMENT, AUTO_INCREMENT=3;

--
-- AUTO_INCREMENT for table `medical_certificates`
--
ALTER TABLE `medical_certificates`
  MODIFY `certificate_id` int(11) NOT NULL AUTO_INCREMENT, AUTO_INCREMENT=6;

--
-- AUTO_INCREMENT for table `medical_prescriptions`
--
ALTER TABLE `medical_prescriptions`
  MODIFY `med_pres_id` int(11) NOT NULL AUTO_INCREMENT, AUTO_INCREMENT=9;

--
-- AUTO_INCREMENT for table `patients`
--
ALTER TABLE `patients`
  MODIFY `patient_id` int(11) NOT NULL AUTO_INCREMENT, AUTO_INCREMENT=63;

--
-- AUTO_INCREMENT for table `patient_records`
--
ALTER TABLE `patient_records`
  MODIFY `record_id` int(11) NOT NULL AUTO_INCREMENT, AUTO_INCREMENT=11;

--
-- AUTO_INCREMENT for table `products`
--
ALTER TABLE `products`
  MODIFY `id` int(11) NOT NULL AUTO_INCREMENT, AUTO_INCREMENT=244;

--
-- AUTO_INCREMENT for table `sales_details`
--
ALTER TABLE `sales_details`
  MODIFY `sales_id` int(11) NOT NULL AUTO_INCREMENT, AUTO_INCREMENT=1784;

--
-- AUTO_INCREMENT for table `services`
--
ALTER TABLE `services`
  MODIFY `service_id` int(11) NOT NULL AUTO_INCREMENT, AUTO_INCREMENT=8;

--
-- AUTO_INCREMENT for table `services_category`
--
ALTER TABLE `services_category`
  MODIFY `service_category_id` int(11) NOT NULL AUTO_INCREMENT, AUTO_INCREMENT=6;

--
-- AUTO_INCREMENT for table `users`
--
ALTER TABLE `users`
  MODIFY `user_id` int(11) NOT NULL AUTO_INCREMENT;

--
-- Constraints for dumped tables
--

--
-- Constraints for table `cosmetics_prescriptions`
--
ALTER TABLE `cosmetics_prescriptions`
  ADD CONSTRAINT `cosmetics_prescriptions_ibfk_1` FOREIGN KEY (`patient_id`) REFERENCES `patients` (`patient_id`) ON DELETE CASCADE;

--
-- Constraints for table `medical_certificates`
--
ALTER TABLE `medical_certificates`
  ADD CONSTRAINT `medical_certificates_ibfk_1` FOREIGN KEY (`patient_id`) REFERENCES `patients` (`patient_id`) ON DELETE CASCADE;

--
-- Constraints for table `medical_prescriptions`
--
ALTER TABLE `medical_prescriptions`
  ADD CONSTRAINT `medical_prescriptions_ibfk_1` FOREIGN KEY (`patient_id`) REFERENCES `patients` (`patient_id`) ON DELETE CASCADE;

--
-- Constraints for table `patient_records`
--
ALTER TABLE `patient_records`
  ADD CONSTRAINT `patient_records_ibfk_1` FOREIGN KEY (`patient_id`) REFERENCES `patients` (`patient_id`),
  ADD CONSTRAINT `patient_records_ibfk_2` FOREIGN KEY (`service_id`) REFERENCES `services` (`service_id`);

--
-- Constraints for table `products`
--
ALTER TABLE `products`
  ADD CONSTRAINT `products_ibfk_1` FOREIGN KEY (`category_id`) REFERENCES `categories` (`category_id`);

--
-- Constraints for table `sales_details`
--
ALTER TABLE `sales_details`
  ADD CONSTRAINT `sales_details_ibfk_2` FOREIGN KEY (`product_id`) REFERENCES `products` (`id`);

--
-- Constraints for table `services`
--
ALTER TABLE `services`
  ADD CONSTRAINT `services_ibfk_1` FOREIGN KEY (`service_category_id`) REFERENCES `services_category` (`service_category_id`) ON DELETE CASCADE;
COMMIT;

/*!40101 SET CHARACTER_SET_CLIENT=@OLD_CHARACTER_SET_CLIENT */;
/*!40101 SET CHARACTER_SET_RESULTS=@OLD_CHARACTER_SET_RESULTS */;
/*!40101 SET COLLATION_CONNECTION=@OLD_COLLATION_CONNECTION */;
